,,,,,,,,,,,,,,,,,,,,,,,,,,,,,,,,,,,,,,,,,,,,,,,,,,,,,,,,,,,,,,,,,,,,,,,,,,,,,,,,,,,,,,,,,,,,,,,,,,,,,,,,,,,,,,,,,,,,,,,,,,,,,,,,,,,,,,,,,,,,,,,,,,,,,,,,,,,,,,,,,,,,,,,,,,,,,,,,,,,,,,,,,,,,,,,,,,,,,,,,,,,,,,,,,,,,,,,,,,,,,,,,,,,,,,,,,,,,,,,,,,,,,,,,,,,,,,,,,,,,,,,,,,,,,,,,,,,,,,,,,,,,,,,,,,,,,,,,,,,,,,,,,,,,,,,,,,,,,,,,,,,,,,,,,,,,,,,,,,,,,,,,,,,,,,,,,,,,,,,,,,,,,,,,,,,,,,,,,,,,,,,,,,,,,,,,,,,,,,,,,,,,,,,,,,,,,,,,,,,,,,,,,,,,,,,,,,,,,,,,,,,,,,,,,,,,,,,,,,,,,,,,,,,,,,,,,,,,,,,,,,,,,,,,,,,,,,,,,,,,f(x),Average,Standard Deviation,Median,Range,Time (ms),Function Call
8270.665213,8270.665213,8270.665213,8270.665213,8270.665213,8270.665213,8270.665213,8270.665213,8270.665213,8270.665213,8270.665213,8270.665213,7045.265456,5640.185223,5640.185223,5640.185223,5640.185223,5640.185223,5640.185223,5640.185223,5640.185223,5640.185223,5640.185223,5640.185223,5640.185223,5640.185223,3442.602522,3442.602522,3442.602522,3442.602522,3442.602522,3442.602522,3442.602522,3442.602522,3442.602522,3442.602522,3442.602522,0.000621,0.000621,0.000621,0.000621,0.000621,0.000621,0.000621,0.000621,0.000621,0.000621,0.000621,0.000621,0.000621,0.000382,0.000382,0.000382,0.000382,0.000382,0.000382,0.000382,0.000382,0.000382,0.000382,0.000382,0.000382,0.000382,0.000382,0.000382,0.000382,0.000382,0.000382,0.000382,0.000382,0.000382,0.000382,0.000382,0.000382,0.000382,0.000382,0.000382,0.000382,0.000382,0.000382,0.000382,0.000382,0.000382,0.000382,0.000382,0.000382,0.000382,0.000382,0.000382,0.000382,0.000382,0.000382,0.000382,0.000382,0.000382,0.000382,0.000382,0.000382,0.000382,0.000382,0.000382,0.000382,0.000382,0.000382,0.000382,0.000382,0.000382,0.000382,0.000382,0.000382,0.000382,0.000382,0.000382,0.000382,0.000382,0.000382,0.000382,0.000382,0.000382,0.000382,0.000382,0.000382,0.000382,0.000382,0.000382,0.000382,0.000382,0.000382,0.000382,0.000382,0.000382,0.000382,0.000382,0.000382,0.000382,0.000382,0.000382,0.000382,0.000382,0.000382,0.000382,0.000382,0.000382,0.000382,0.000382,0.000382,0.000382,0.000382,0.000382,0.000382,0.000382,0.000382,0.000382,0.000382,0.000382,0.000382,0.000382,0.000382,0.000382,0.000382,0.000382,0.000382,0.000382,0.000382,0.000382,0.000382,0.000382,0.000382,0.000382,0.000382,0.000382,0.000382,0.000382,0.000382,0.000382,0.000382,0.000382,0.000382,0.000382,0.000382,0.000382,0.000382,0.000382,0.000382,0.000382,0.000382,0.000382,0.000382,0.000382,0.000382,0.000382,0.000382,0.000382,0.000382,0.000382,0.000382,0.000382,0.000382,0.000382,0.000382,0.000382,0.000382,0.000382,0.000382,0.000382,0.000382,0.000382,0.000382,0.000382,0.000382,0.000382,0.000382,0.000382,0.000382,0.000382,0.000382,0.000382,0.000382,0.000382,0.000382,0.000382,0.000382,0.000382,0.000382,0.000382,0.000382,0.000382,0.000382,0.000382,0.000382,0.000382,0.000382,0.000382,0.000382,0.000382,0.000382,0.000382,0.000382,0.000382,0.000382,0.000382,0.000382,0.000382,0.000382,0.000382,0.000382,0.000382,0.000382,0.000382,0.000382,0.000382,0.000382,0.000382,0.000382,0.000382,0.000382,0.000382,0.000382,0.000382,0.000382,0.000382,0.000382,0.000382,0.000382,0.000382,0.000382,0.000382,0.000382,0.000382,0.000382,0.000382,0.000382,0.000382,0.000382,0.000382,0.000382,0.000382,0.000382,0.000382,0.000382,0.000382,0.000382,0.000382,0.000382,0.000382,0.000382,0.000382,0.000382,0.000382,0.000382,0.000382,0.000382,0.000382,0.000382,0.000382,0.000382,0.000382,0.000382,0.000382,0.000382,0.000382,0.000382,0.000382,0.000382,0.000382,0.000382,0.000382,0.000382,0.000382,0.000382,0.000382,0.000382,0.000382,0.000382,0.000382,0.000382,0.000382,0.000382,0.000382,0.000382,0.000382,0.000382,0.000382,0.000382,0.000382,0.000382,0.000382,0.000382,0.000382,0.000382,0.000382,0.000382,0.000382,0.000382,0.000382,0.000382,0.000382,0.000382,0.000382,0.000382,0.000382,0.000382,0.000382,0.000382,0.000382,0.000382,0.000382,0.000382,0.000382,0.000382,0.000382,0.000382,0.000382,0.000382,0.000382,0.000382,0.000382,0.000382,0.000382,0.000382,0.000382,0.000382,0.000382,0.000382,0.000382,0.000382,0.000382,0.000382,0.000382,0.000382,0.000382,0.000382,0.000382,0.000382,0.000382,0.000382,0.000382,0.000382,0.000382,0.000382,0.000382,0.000382,0.000382,0.000382,0.000382,0.000382,0.000382,0.000382,0.000382,0.000382,0.000382,0.000382,0.000382,0.000382,0.000382,0.000382,0.000382,0.000382,0.000382,0.000382,0.000382,0.000382,0.000382,0.000382,0.000382,0.000382,0.000382,0.000382,0.000382,0.000382,0.000382,0.000382,0.000382,0.000382,0.000382,0.000382,0.000382,0.000382,0.000382,0.000382,0.000382,0.000382,0.000382,0.000382,0.000382,0.000382,0.000382,0.000382,0.000382,0.000382,0.000382,0.000382,0.000382,0.000382,0.000382,0.000382,0.000382,0.000382,0.000382,0.000382,0.000382,0.000382,0.000382,0.000382,0.000382,0.000382,0.000382,0.000382,0.000382,0.000382,0.000382,0.000382,0.000382,0.000382,0.000382,0.000382,0.000382,0.000382,0.000382,0.000382,0.000382,0.000382,0.000382,0.000382,0.000382,0.000382,0.000382,0.000382,0.000382,0.000382,0.000382,0.000382,0.000382,0.000382,0.000382,0.000382,0.000382,0.000382,0.000382,0.000382,0.000382,0.000382,0.000382,0.000382,0.000382,0.000382,0.000382,0.000382,0.000382,0.000382,0.000382,0.000382,0.000382,0.000382,0.000382,0.000382,0.000382,0.000382,0.000382,,Schwefel,435.8406077,1626.196268,0.000382,8270.664831,132734,30185067
Experiment for 0 took,132734, Counter,30185067,,,,,,,,,,,,,,,,,,,,,,,,,,,,,,,,,,,,,,,,,,,,,,,,,,,,,,,,,,,,,,,,,,,,,,,,,,,,,,,,,,,,,,,,,,,,,,,,,,,,,,,,,,,,,,,,,,,,,,,,,,,,,,,,,,,,,,,,,,,,,,,,,,,,,,,,,,,,,,,,,,,,,,,,,,,,,,,,,,,,,,,,,,,,,,,,,,,,,,,,,,,,,,,,,,,,,,,,,,,,,,,,,,,,,,,,,,,,,,,,,,,,,,,,,,,,,,,,,,,,,,,,,,,,,,,,,,,,,,,,,,,,,,,,,,,,,,,,,,,,,,,,,,,,,,,,,,,,,,,,,,,,,,,,,,,,,,,,,,,,,,,,,,,,,,,,,,,,,,,,,,,,,,,,,,,,,,,,,,,,,,,,,,,,,,,,,,,,,,,,,,,,,,,,,,,,,,,,,,,,,,,,,,,,,,,,,,,,,,,,,,,,,,,,,,,,,,,,,,,,,,,,,,,,,,,,,,,,,,,,,,,,,,,,,,,,,,,,,DeJong 1,1176.958026,8185.817016,0,80456.17378,79187,20550816
80456.17378,80456.17378,80456.17378,78437.20216,53544.9439,53544.9439,26741.91059,26741.91059,26741.91059,11526.2101,11526.2101,11526.2101,11526.2101,4259.036472,4259.036472,4259.036472,4259.025208,4259.021512,4259.021447,4259.021447,4259.021447,3.650914,0.00017,0.000003,0.000003,0.000003,0.000003,0.000001,0.000001,0.000001,0.000001,0.000001,0.000001,0.000001,0.000001,0.000001,0.000001,0.000001,0.000001,0.000001,0.000001,0.000001,0.000001,0.000001,0.000001,0.000001,0.000001,0.000001,0.000001,0.000001,0.000001,0.000001,0.000001,0.000001,0.000001,0.000001,0.000001,0.000001,0.000001,0.000001,0.000001,0.000001,0.000001,0.000001,0.000001,0.000001,0.000001,0.000001,0.000001,0.000001,0.000001,0.000001,0,0,0,0,0,0,0,0,0,0,0,0,0,0,0,0,0,0,0,0,0,0,0,0,0,0,0,0,0,0,0,0,0,0,0,0,0,0,0,0,0,0,0,0,0,0,0,0,0,0,0,0,0,0,0,0,0,0,0,0,0,0,0,0,0,0,0,0,0,0,0,0,0,0,0,0,0,0,0,0,0,0,0,0,0,0,0,0,0,0,0,0,0,0,0,0,0,0,0,0,0,0,0,0,0,0,0,0,0,0,0,0,0,0,0,0,0,0,0,0,0,0,0,0,0,0,0,0,0,0,0,0,0,0,0,0,0,0,0,0,0,0,0,0,0,0,0,0,0,0,0,0,0,0,0,0,0,0,0,0,0,0,0,0,0,0,0,0,0,0,0,0,0,0,0,0,0,0,0,0,0,0,0,0,0,0,0,0,0,0,0,0,0,0,0,0,0,0,0,0,0,0,0,0,0,0,0,0,0,0,0,0,0,0,0,0,0,0,0,0,0,0,0,0,0,0,0,0,0,0,0,0,0,0,0,0,0,0,0,0,0,0,0,0,0,0,0,0,0,0,0,0,0,0,0,0,0,0,0,0,0,0,0,0,0,0,0,0,0,0,0,0,0,0,0,0,0,0,0,0,0,0,0,0,0,0,0,0,0,0,0,0,0,0,0,0,0,0,0,0,0,0,0,0,0,0,0,0,0,0,0,0,0,0,0,0,0,0,0,0,0,0,0,0,0,0,0,0,0,0,0,0,0,0,0,0,0,0,0,0,0,0,0,0,0,0,0,0,0,0,0,0,0,0,0,0,0,0,0,0,0,0,0,0,0,0,0,0,0,0,0,0,0,0,0,0,0,0,0,0,0,0,0,0,0,0,0,0,0,0,0,0,0,0,0,0,0,0,0,0,0,0,0,0,0,0,0,0,0,0,0,0,0,0,0,0,0,0,0,0,0,0,0,0,0,0,0,,Rosenbrock’s Saddle,807711888,6525236984,0,1.1E+11,605545,62250250
Experiment for 1 took,79187, Counter,20550816,,,,,,,,,,,,,,,,,,,,,,,,,,,,,,,,,,,,,,,,,,,,,,,,,,,,,,,,,,,,,,,,,,,,,,,,,,,,,,,,,,,,,,,,,,,,,,,,,,,,,,,,,,,,,,,,,,,,,,,,,,,,,,,,,,,,,,,,,,,,,,,,,,,,,,,,,,,,,,,,,,,,,,,,,,,,,,,,,,,,,,,,,,,,,,,,,,,,,,,,,,,,,,,,,,,,,,,,,,,,,,,,,,,,,,,,,,,,,,,,,,,,,,,,,,,,,,,,,,,,,,,,,,,,,,,,,,,,,,,,,,,,,,,,,,,,,,,,,,,,,,,,,,,,,,,,,,,,,,,,,,,,,,,,,,,,,,,,,,,,,,,,,,,,,,,,,,,,,,,,,,,,,,,,,,,,,,,,,,,,,,,,,,,,,,,,,,,,,,,,,,,,,,,,,,,,,,,,,,,,,,,,,,,,,,,,,,,,,,,,,,,,,,,,,,,,,,,,,,,,,,,,,,,,,,,,,,,,,,,,,,,,,,,,,,,,,,,,,Rastrigin,-9280.559731,424685.2355,-87000,3710256.506,396298,62250250
1.10E+11,78511451351,26615136525,23612387317,17345994378,17250208837,17250208802,17250208802,17250208802,17250208802,10459888870,6643522377,2295201019,2295200641,2295200328,2295200328,2295200328,2295200328,2295200327,2295200327,2295200327,2295200327,2295200327,2295200327,2295200327,2295200327,2295200327,2295200327,2295200327,2295200327,2295200327,2.07153,0.002024,0.002024,0.002024,0.002024,0.001154,0.001154,0.001154,0.001154,0.001154,0.001154,0.001154,0.001154,0.001154,0.001154,0.001154,0.000186,0.000186,0.000186,0.000186,0.000186,0.000186,0.000186,0.000186,0.000186,0.000186,0.000186,0.000186,0.000004,0.000004,0.000004,0.000004,0.000004,0.000004,0.000004,0.000004,0,0,0,0,0,0,0,0,0,0,0,0,0,0,0,0,0,0,0,0,0,0,0,0,0,0,0,0,0,0,0,0,0,0,0,0,0,0,0,0,0,0,0,0,0,0,0,0,0,0,0,0,0,0,0,0,0,0,0,0,0,0,0,0,0,0,0,0,0,0,0,0,0,0,0,0,0,0,0,0,0,0,0,0,0,0,0,0,0,0,0,0,0,0,0,0,0,0,0,0,0,0,0,0,0,0,0,0,0,0,0,0,0,0,0,0,0,0,0,0,0,0,0,0,0,0,0,0,0,0,0,0,0,0,0,0,0,0,0,0,0,0,0,0,0,0,0,0,0,0,0,0,0,0,0,0,0,0,0,0,0,0,0,0,0,0,0,0,0,0,0,0,0,0,0,0,0,0,0,0,0,0,0,0,0,0,0,0,0,0,0,0,0,0,0,0,0,0,0,0,0,0,0,0,0,0,0,0,0,0,0,0,0,0,0,0,0,0,0,0,0,0,0,0,0,0,0,0,0,0,0,0,0,0,0,0,0,0,0,0,0,0,0,0,0,0,0,0,0,0,0,0,0,0,0,0,0,0,0,0,0,0,0,0,0,0,0,0,0,0,0,0,0,0,0,0,0,0,0,0,0,0,0,0,0,0,0,0,0,0,0,0,0,0,0,0,0,0,0,0,0,0,0,0,0,0,0,0,0,0,0,0,0,0,0,0,0,0,0,0,0,0,0,0,0,0,0,0,0,0,0,0,0,0,0,0,0,0,0,0,0,0,0,0,0,0,0,0,0,0,0,0,0,0,0,0,0,0,0,0,0,0,0,0,0,0,0,0,0,0,0,0,0,0,0,0,0,0,0,0,0,0,0,0,0,0,0,0,0,0,0,0,0,0,0,0,0,0,0,0,0,0,0,0,0,0,0,0,0,0,0,0,0,0,0,0,0,0,0,0,0,0,0,0,0,0,0,0,0,0,0,0,,Griewangk,17.6912997,94.13722184,0,887.110198,486990,61880529
Experiment for 2 took,605545, Counter,62250250,,,,,,,,,,,,,,,,,,,,,,,,,,,,,,,,,,,,,,,,,,,,,,,,,,,,,,,,,,,,,,,,,,,,,,,,,,,,,,,,,,,,,,,,,,,,,,,,,,,,,,,,,,,,,,,,,,,,,,,,,,,,,,,,,,,,,,,,,,,,,,,,,,,,,,,,,,,,,,,,,,,,,,,,,,,,,,,,,,,,,,,,,,,,,,,,,,,,,,,,,,,,,,,,,,,,,,,,,,,,,,,,,,,,,,,,,,,,,,,,,,,,,,,,,,,,,,,,,,,,,,,,,,,,,,,,,,,,,,,,,,,,,,,,,,,,,,,,,,,,,,,,,,,,,,,,,,,,,,,,,,,,,,,,,,,,,,,,,,,,,,,,,,,,,,,,,,,,,,,,,,,,,,,,,,,,,,,,,,,,,,,,,,,,,,,,,,,,,,,,,,,,,,,,,,,,,,,,,,,,,,,,,,,,,,,,,,,,,,,,,,,,,,,,,,,,,,,,,,,,,,,,,,,,,,,,,,,,,,,,,,,,,,,,,,,,,,,,,Sine Envelope Sine Wave,-40.77734983,3.867411861,-41.902081,21.785603,1272838,62250250
3623256.506,3605810.014,3605806.173,3490278.362,2422738.969,1726978.44,1658959.712,1658939.437,1658938.913,1658938.913,1658938.913,1401519.857,1302766.105,1205156.303,1205156.303,1205156.303,1205156.303,1205156.303,1205156.303,337147.8224,-86958.57576,-86996.73528,-86999.99248,-86999.99248,-86999.99782,-86999.99782,-86999.99958,-86999.99958,-86999.99958,-86999.99958,-86999.99958,-86999.99958,-86999.99958,-86999.99958,-86999.99958,-86999.99958,-86999.99958,-86999.99958,-86999.99958,-86999.99958,-86999.99958,-86999.99958,-86999.99958,-86999.99958,-86999.99958,-86999.99958,-86999.99958,-86999.99958,-86999.99958,-86999.99958,-86999.99958,-86999.99958,-86999.99958,-86999.99958,-86999.99958,-86999.99958,-86999.99958,-86999.99958,-86999.99958,-86999.99958,-86999.99958,-86999.99958,-86999.99958,-86999.99958,-86999.99958,-86999.99958,-86999.99958,-86999.99958,-86999.99958,-86999.99958,-86999.99958,-86999.99958,-86999.99958,-86999.99958,-86999.99958,-86999.99958,-86999.99958,-86999.99958,-86999.99958,-86999.99958,-86999.99958,-86999.99958,-86999.99958,-86999.99958,-86999.99958,-86999.99958,-86999.99958,-86999.99958,-86999.99958,-86999.99958,-86999.99958,-86999.99958,-86999.99958,-86999.99958,-86999.99958,-86999.99958,-86999.99958,-86999.99958,-86999.99958,-86999.99998,-86999.99998,-86999.99998,-86999.99998,-86999.99998,-86999.99998,-86999.99998,-86999.99998,-86999.99998,-86999.99998,-86999.99998,-86999.99998,-86999.99998,-86999.99998,-86999.99998,-86999.99998,-86999.99998,-86999.99998,-86999.99998,-86999.99998,-86999.99998,-86999.99998,-86999.99998,-86999.99998,-86999.99998,-86999.99998,-86999.99998,-86999.99998,-86999.99998,-86999.99998,-86999.99998,-86999.99998,-86999.99998,-86999.99998,-86999.99999,-86999.99999,-86999.99999,-86999.99999,-86999.99999,-86999.99999,-86999.99999,-87000,-87000,-87000,-87000,-87000,-87000,-87000,-87000,-87000,-87000,-87000,-87000,-87000,-87000,-87000,-87000,-87000,-87000,-87000,-87000,-87000,-87000,-87000,-87000,-87000,-87000,-87000,-87000,-87000,-87000,-87000,-87000,-87000,-87000,-87000,-87000,-87000,-87000,-87000,-87000,-87000,-87000,-87000,-87000,-87000,-87000,-87000,-87000,-87000,-87000,-87000,-87000,-87000,-87000,-87000,-87000,-87000,-87000,-87000,-87000,-87000,-87000,-87000,-87000,-87000,-87000,-87000,-87000,-87000,-87000,-87000,-87000,-87000,-87000,-87000,-87000,-87000,-87000,-87000,-87000,-87000,-87000,-87000,-87000,-87000,-87000,-87000,-87000,-87000,-87000,-87000,-87000,-87000,-87000,-87000,-87000,-87000,-87000,-87000,-87000,-87000,-87000,-87000,-87000,-87000,-87000,-87000,-87000,-87000,-87000,-87000,-87000,-87000,-87000,-87000,-87000,-87000,-87000,-87000,-87000,-87000,-87000,-87000,-87000,-87000,-87000,-87000,-87000,-87000,-87000,-87000,-87000,-87000,-87000,-87000,-87000,-87000,-87000,-87000,-87000,-87000,-87000,-87000,-87000,-87000,-87000,-87000,-87000,-87000,-87000,-87000,-87000,-87000,-87000,-87000,-87000,-87000,-87000,-87000,-87000,-87000,-87000,-87000,-87000,-87000,-87000,-87000,-87000,-87000,-87000,-87000,-87000,-87000,-87000,-87000,-87000,-87000,-87000,-87000,-87000,-87000,-87000,-87000,-87000,-87000,-87000,-87000,-87000,-87000,-87000,-87000,-87000,-87000,-87000,-87000,-87000,-87000,-87000,-87000,-87000,-87000,-87000,-87000,-87000,-87000,-87000,-87000,-87000,-87000,-87000,-87000,-87000,-87000,-87000,-87000,-87000,-87000,-87000,-87000,-87000,-87000,-87000,-87000,-87000,-87000,-87000,-87000,-87000,-87000,-87000,-87000,-87000,-87000,-87000,-87000,-87000,-87000,-87000,-87000,-87000,-87000,-87000,-87000,-87000,-87000,-87000,-87000,-87000,-87000,-87000,-87000,-87000,-87000,-87000,-87000,-87000,-87000,-87000,-87000,-87000,-87000,-87000,-87000,-87000,-87000,-87000,-87000,-87000,-87000,-87000,-87000,-87000,-87000,-87000,-87000,-87000,-87000,-87000,-87000,-87000,-87000,-87000,-87000,-87000,-87000,-87000,-87000,-87000,-87000,-87000,-87000,-87000,-87000,-87000,-87000,-87000,-87000,-87000,-87000,-87000,-87000,-87000,-87000,-87000,-87000,-87000,-87000,-87000,-87000,-87000,-87000,-87000,-87000,-87000,-87000,-87000,-87000,-87000,-87000,-87000,-87000,-87000,-87000,-87000,-87000,-87000,-87000,-87000,-87000,-87000,-87000,-87000,-87000,-87000,-87000,-87000,-87000,-87000,-87000,-87000,-87000,-87000,-87000,-87000,-87000,-87000,-87000,-87000,-87000,-87000,-87000,-87000,-87000,-87000,-87000,-87000,-87000,-87000,-87000,,Stretch V Sine Wave,-151.1710104,16.84422139,-154.268467,123.65962,1175313,62250250
Experiment for 3 took,396298, Counter,62250250,,,,,,,,,,,,,,,,,,,,,,,,,,,,,,,,,,,,,,,,,,,,,,,,,,,,,,,,,,,,,,,,,,,,,,,,,,,,,,,,,,,,,,,,,,,,,,,,,,,,,,,,,,,,,,,,,,,,,,,,,,,,,,,,,,,,,,,,,,,,,,,,,,,,,,,,,,,,,,,,,,,,,,,,,,,,,,,,,,,,,,,,,,,,,,,,,,,,,,,,,,,,,,,,,,,,,,,,,,,,,,,,,,,,,,,,,,,,,,,,,,,,,,,,,,,,,,,,,,,,,,,,,,,,,,,,,,,,,,,,,,,,,,,,,,,,,,,,,,,,,,,,,,,,,,,,,,,,,,,,,,,,,,,,,,,,,,,,,,,,,,,,,,,,,,,,,,,,,,,,,,,,,,,,,,,,,,,,,,,,,,,,,,,,,,,,,,,,,,,,,,,,,,,,,,,,,,,,,,,,,,,,,,,,,,,,,,,,,,,,,,,,,,,,,,,,,,,,,,,,,,,,,,,,,,,,,,,,,,,,,,,,,,,,,,,,,,,,,Ackley One,-53.84735446,95.58551921,-81.707625,709.403716,280175,26507136
887.110198,835.622231,721.106092,523.792017,483.181827,483.180071,483.180071,483.180071,483.180071,448.146756,448.146635,448.146634,334.151851,283.908213,235.034544,235.034544,235.034544,235.034544,235.034544,235.034544,71.496091,0.220066,0.002284,0.000069,0.000009,0.000009,0.000009,0.000009,0,0,0,0,0,0,0,0,0,0,0,0,0,0,0,0,0,0,0,0,0,0,0,0,0,0,0,0,0,0,0,0,0,0,0,0,0,0,0,0,0,0,0,0,0,0,0,0,0,0,0,0,0,0,0,0,0,0,0,0,0,0,0,0,0,0,0,0,0,0,0,0,0,0,0,0,0,0,0,0,0,0,0,0,0,0,0,0,0,0,0,0,0,0,0,0,0,0,0,0,0,0,0,0,0,0,0,0,0,0,0,0,0,0,0,0,0,0,0,0,0,0,0,0,0,0,0,0,0,0,0,0,0,0,0,0,0,0,0,0,0,0,0,0,0,0,0,0,0,0,0,0,0,0,0,0,0,0,0,0,0,0,0,0,0,0,0,0,0,0,0,0,0,0,0,0,0,0,0,0,0,0,0,0,0,0,0,0,0,0,0,0,0,0,0,0,0,0,0,0,0,0,0,0,0,0,0,0,0,0,0,0,0,0,0,0,0,0,0,0,0,0,0,0,0,0,0,0,0,0,0,0,0,0,0,0,0,0,0,0,0,0,0,0,0,0,0,0,0,0,0,0,0,0,0,0,0,0,0,0,0,0,0,0,0,0,0,0,0,0,0,0,0,0,0,0,0,0,0,0,0,0,0,0,0,0,0,0,0,0,0,0,0,0,0,0,0,0,0,0,0,0,0,0,0,0,0,0,0,0,0,0,0,0,0,0,0,0,0,0,0,0,0,0,0,0,0,0,0,0,0,0,0,0,0,0,0,0,0,0,0,0,0,0,0,0,0,0,0,0,0,0,0,0,0,0,0,0,0,0,0,0,0,0,0,0,0,0,0,0,0,0,0,0,0,0,0,0,0,0,0,0,0,0,0,0,0,0,0,0,0,0,0,0,0,0,0,0,0,0,0,0,0,0,0,0,0,0,0,0,0,0,0,0,0,0,0,0,0,0,0,0,0,0,0,0,0,0,0,0,0,0,0,0,0,0,0,0,0,0,0,0,0,0,0,0,0,0,0,0,0,0,0,0,0,0,0,0,0,0,0,0,0,0,0,0,0,0,0,0,0,,Ackley Two,31.2964798,107.5888358,0.00035,540.501727,127162,8652771
Experiment for 4 took,486990, Counter,61880529,,,,,,,,,,,,,,,,,,,,,,,,,,,,,,,,,,,,,,,,,,,,,,,,,,,,,,,,,,,,,,,,,,,,,,,,,,,,,,,,,,,,,,,,,,,,,,,,,,,,,,,,,,,,,,,,,,,,,,,,,,,,,,,,,,,,,,,,,,,,,,,,,,,,,,,,,,,,,,,,,,,,,,,,,,,,,,,,,,,,,,,,,,,,,,,,,,,,,,,,,,,,,,,,,,,,,,,,,,,,,,,,,,,,,,,,,,,,,,,,,,,,,,,,,,,,,,,,,,,,,,,,,,,,,,,,,,,,,,,,,,,,,,,,,,,,,,,,,,,,,,,,,,,,,,,,,,,,,,,,,,,,,,,,,,,,,,,,,,,,,,,,,,,,,,,,,,,,,,,,,,,,,,,,,,,,,,,,,,,,,,,,,,,,,,,,,,,,,,,,,,,,,,,,,,,,,,,,,,,,,,,,,,,,,,,,,,,,,,,,,,,,,,,,,,,,,,,,,,,,,,,,,,,,,,,,,,,,,,,,,,,,,,,,,,,,,,,,,Egg Holder,-19735.90754,3221.059427,-20570.46148,17993.54373,441489,62250250
-20.116478,-20.739264,-21.49403,-21.611847,-22.158426,-22.158426,-22.250803,-22.250803,-22.250803,-22.250803,-22.537154,-25.631103,-26.0676,-29.353952,-31.527256,-31.527256,-31.527256,-31.527256,-31.527256,-31.527256,-31.527256,-31.527256,-31.886249,-31.886249,-31.886249,-31.886249,-31.886249,-31.886249,-31.886249,-31.886249,-31.886249,-31.886249,-31.886249,-31.886249,-31.886249,-31.886249,-31.886249,-31.886249,-31.886249,-31.886249,-31.886249,-31.886249,-31.886249,-39.889713,-41.762317,-41.902076,-41.902077,-41.902081,-41.902081,-41.902081,-41.902081,-41.902081,-41.902081,-41.902081,-41.902081,-41.902081,-41.902081,-41.902081,-41.902081,-41.902081,-41.902081,-41.902081,-41.902081,-41.902081,-41.902081,-41.902081,-41.902081,-41.902081,-41.902081,-41.902081,-41.902081,-41.902081,-41.902081,-41.902081,-41.902081,-41.902081,-41.902081,-41.902081,-41.902081,-41.902081,-41.902081,-41.902081,-41.902081,-41.902081,-41.902081,-41.902081,-41.902081,-41.902081,-41.902081,-41.902081,-41.902081,-41.902081,-41.902081,-41.902081,-41.902081,-41.902081,-41.902081,-41.902081,-41.902081,-41.902081,-41.902081,-41.902081,-41.902081,-41.902081,-41.902081,-41.902081,-41.902081,-41.902081,-41.902081,-41.902081,-41.902081,-41.902081,-41.902081,-41.902081,-41.902081,-41.902081,-41.902081,-41.902081,-41.902081,-41.902081,-41.902081,-41.902081,-41.902081,-41.902081,-41.902081,-41.902081,-41.902081,-41.902081,-41.902081,-41.902081,-41.902081,-41.902081,-41.902081,-41.902081,-41.902081,-41.902081,-41.902081,-41.902081,-41.902081,-41.902081,-41.902081,-41.902081,-41.902081,-41.902081,-41.902081,-41.902081,-41.902081,-41.902081,-41.902081,-41.902081,-41.902081,-41.902081,-41.902081,-41.902081,-41.902081,-41.902081,-41.902081,-41.902081,-41.902081,-41.902081,-41.902081,-41.902081,-41.902081,-41.902081,-41.902081,-41.902081,-41.902081,-41.902081,-41.902081,-41.902081,-41.902081,-41.902081,-41.902081,-41.902081,-41.902081,-41.902081,-41.902081,-41.902081,-41.902081,-41.902081,-41.902081,-41.902081,-41.902081,-41.902081,-41.902081,-41.902081,-41.902081,-41.902081,-41.902081,-41.902081,-41.902081,-41.902081,-41.902081,-41.902081,-41.902081,-41.902081,-41.902081,-41.902081,-41.902081,-41.902081,-41.902081,-41.902081,-41.902081,-41.902081,-41.902081,-41.902081,-41.902081,-41.902081,-41.902081,-41.902081,-41.902081,-41.902081,-41.902081,-41.902081,-41.902081,-41.902081,-41.902081,-41.902081,-41.902081,-41.902081,-41.902081,-41.902081,-41.902081,-41.902081,-41.902081,-41.902081,-41.902081,-41.902081,-41.902081,-41.902081,-41.902081,-41.902081,-41.902081,-41.902081,-41.902081,-41.902081,-41.902081,-41.902081,-41.902081,-41.902081,-41.902081,-41.902081,-41.902081,-41.902081,-41.902081,-41.902081,-41.902081,-41.902081,-41.902081,-41.902081,-41.902081,-41.902081,-41.902081,-41.902081,-41.902081,-41.902081,-41.902081,-41.902081,-41.902081,-41.902081,-41.902081,-41.902081,-41.902081,-41.902081,-41.902081,-41.902081,-41.902081,-41.902081,-41.902081,-41.902081,-41.902081,-41.902081,-41.902081,-41.902081,-41.902081,-41.902081,-41.902081,-41.902081,-41.902081,-41.902081,-41.902081,-41.902081,-41.902081,-41.902081,-41.902081,-41.902081,-41.902081,-41.902081,-41.902081,-41.902081,-41.902081,-41.902081,-41.902081,-41.902081,-41.902081,-41.902081,-41.902081,-41.902081,-41.902081,-41.902081,-41.902081,-41.902081,-41.902081,-41.902081,-41.902081,-41.902081,-41.902081,-41.902081,-41.902081,-41.902081,-41.902081,-41.902081,-41.902081,-41.902081,-41.902081,-41.902081,-41.902081,-41.902081,-41.902081,-41.902081,-41.902081,-41.902081,-41.902081,-41.902081,-41.902081,-41.902081,-41.902081,-41.902081,-41.902081,-41.902081,-41.902081,-41.902081,-41.902081,-41.902081,-41.902081,-41.902081,-41.902081,-41.902081,-41.902081,-41.902081,-41.902081,-41.902081,-41.902081,-41.902081,-41.902081,-41.902081,-41.902081,-41.902081,-41.902081,-41.902081,-41.902081,-41.902081,-41.902081,-41.902081,-41.902081,-41.902081,-41.902081,-41.902081,-41.902081,-41.902081,-41.902081,-41.902081,-41.902081,-41.902081,-41.902081,-41.902081,-41.902081,-41.902081,-41.902081,-41.902081,-41.902081,-41.902081,-41.902081,-41.902081,-41.902081,-41.902081,-41.902081,-41.902081,-41.902081,-41.902081,-41.902081,-41.902081,-41.902081,-41.902081,-41.902081,-41.902081,-41.902081,-41.902081,-41.902081,-41.902081,-41.902081,-41.902081,-41.902081,-41.902081,-41.902081,-41.902081,-41.902081,-41.902081,-41.902081,-41.902081,-41.902081,-41.902081,-41.902081,-41.902081,-41.902081,-41.902081,-41.902081,-41.902081,-41.902081,-41.902081,-41.902081,-41.902081,-41.902081,-41.902081,-41.902081,-41.902081,-41.902081,-41.902081,-41.902081,-41.902081,-41.902081,-41.902081,-41.902081,-41.902081,-41.902081,-41.902081,-41.902081,-41.902081,-41.902081,-41.902081,-41.902081,-41.902081,-41.902081,-41.902081,-41.902081,-41.902081,-41.902081,-41.902081,-41.902081,-41.902081,-41.902081,-41.902081,-41.902081,-41.902081,-41.902081,-41.902081,-41.902081,-41.902081,-41.902081,-41.902081,-41.902081,-41.902081,-41.902081,-41.902081,-41.902081,-41.902081,-41.902081,-41.902081,-41.902081,-41.902081,-41.902081,-41.902081,-41.902081,-41.902081,-41.902081,-41.902081,-41.902081,-41.902081,-41.902081,-41.902081,-41.902081,-41.902081,-41.902081,-41.902081,-41.902081,-41.902081,-41.902081,-41.902081,-41.902081,-41.902081,-41.902081,-41.902081,-41.902081,-41.902081,-41.902081,-41.902081,-41.902081,-41.902081,-41.902081,-41.902081,-41.902081,-41.902081,-41.902081,-41.902081,-41.902081,-41.902081,-41.902081,-41.902081,-41.902081,,Rana,-18405.7041,2614.217896,-19152.07438,15365.5761,130152,11617838
Experiment for 5 took,1272838, Counter,62250250,,,,,,,,,,,,,,,,,,,,,,,,,,,,,,,,,,,,,,,,,,,,,,,,,,,,,,,,,,,,,,,,,,,,,,,,,,,,,,,,,,,,,,,,,,,,,,,,,,,,,,,,,,,,,,,,,,,,,,,,,,,,,,,,,,,,,,,,,,,,,,,,,,,,,,,,,,,,,,,,,,,,,,,,,,,,,,,,,,,,,,,,,,,,,,,,,,,,,,,,,,,,,,,,,,,,,,,,,,,,,,,,,,,,,,,,,,,,,,,,,,,,,,,,,,,,,,,,,,,,,,,,,,,,,,,,,,,,,,,,,,,,,,,,,,,,,,,,,,,,,,,,,,,,,,,,,,,,,,,,,,,,,,,,,,,,,,,,,,,,,,,,,,,,,,,,,,,,,,,,,,,,,,,,,,,,,,,,,,,,,,,,,,,,,,,,,,,,,,,,,,,,,,,,,,,,,,,,,,,,,,,,,,,,,,,,,,,,,,,,,,,,,,,,,,,,,,,,,,,,,,,,,,,,,,,,,,,,,,,,,,,,,,,,,,,,,,,,,Pathological,-26.89642369,4.812558431,-28,33.979554,1110539,62250250
-30.60885,-49.315257,-49.315257,-49.315257,-55.977234,-55.977234,-55.977234,-59.038373,-59.038373,-59.105966,-60.58851,-60.58851,-60.58851,-81.515541,-81.515541,-101.449118,-107.90968,-153.419401,-154.266816,-154.266816,-154.266816,-154.266816,-154.266816,-154.266816,-154.266816,-154.266816,-154.266816,-154.266816,-154.266816,-154.266816,-154.266816,-154.266816,-154.266816,-154.266816,-154.266816,-154.266816,-154.266816,-154.266816,-154.266816,-154.266816,-154.266816,-154.266816,-154.266816,-154.267832,-154.268287,-154.268287,-154.268287,-154.268287,-154.268463,-154.268463,-154.268463,-154.268463,-154.268463,-154.268463,-154.268463,-154.268463,-154.268463,-154.268463,-154.268463,-154.268463,-154.268463,-154.268463,-154.268463,-154.268463,-154.268463,-154.268463,-154.268463,-154.268463,-154.268463,-154.268463,-154.268463,-154.268463,-154.268463,-154.268463,-154.268463,-154.268463,-154.268463,-154.268463,-154.268463,-154.268463,-154.268463,-154.268463,-154.268467,-154.268467,-154.268467,-154.268467,-154.268467,-154.268467,-154.268467,-154.268467,-154.268467,-154.268467,-154.268467,-154.268467,-154.268467,-154.268467,-154.268467,-154.268467,-154.268467,-154.268467,-154.268467,-154.268467,-154.268467,-154.268467,-154.268467,-154.268467,-154.268467,-154.268467,-154.268467,-154.268467,-154.268467,-154.268467,-154.268467,-154.268467,-154.268467,-154.268467,-154.268467,-154.268467,-154.268467,-154.268467,-154.268467,-154.268467,-154.268467,-154.268467,-154.268467,-154.268467,-154.268467,-154.268467,-154.268467,-154.268467,-154.268467,-154.268467,-154.268467,-154.268467,-154.268467,-154.268467,-154.268467,-154.268467,-154.268467,-154.268467,-154.268467,-154.268467,-154.268467,-154.268467,-154.268467,-154.268467,-154.268467,-154.268467,-154.268467,-154.268467,-154.268467,-154.268467,-154.268467,-154.268467,-154.268467,-154.268467,-154.268467,-154.268467,-154.268467,-154.268467,-154.268467,-154.268467,-154.268467,-154.268467,-154.268467,-154.268467,-154.268467,-154.268467,-154.268467,-154.268467,-154.268467,-154.268467,-154.268467,-154.268467,-154.268467,-154.268467,-154.268467,-154.268467,-154.268467,-154.268467,-154.268467,-154.268467,-154.268467,-154.268467,-154.268467,-154.268467,-154.268467,-154.268467,-154.268467,-154.268467,-154.268467,-154.268467,-154.268467,-154.268467,-154.268467,-154.268467,-154.268467,-154.268467,-154.268467,-154.268467,-154.268467,-154.268467,-154.268467,-154.268467,-154.268467,-154.268467,-154.268467,-154.268467,-154.268467,-154.268467,-154.268467,-154.268467,-154.268467,-154.268467,-154.268467,-154.268467,-154.268467,-154.268467,-154.268467,-154.268467,-154.268467,-154.268467,-154.268467,-154.268467,-154.268467,-154.268467,-154.268467,-154.268467,-154.268467,-154.268467,-154.268467,-154.268467,-154.268467,-154.268467,-154.268467,-154.268467,-154.268467,-154.268467,-154.268467,-154.268467,-154.268467,-154.268467,-154.268467,-154.268467,-154.268467,-154.268467,-154.268467,-154.268467,-154.268467,-154.268467,-154.268467,-154.268467,-154.268467,-154.268467,-154.268467,-154.268467,-154.268467,-154.268467,-154.268467,-154.268467,-154.268467,-154.268467,-154.268467,-154.268467,-154.268467,-154.268467,-154.268467,-154.268467,-154.268467,-154.268467,-154.268467,-154.268467,-154.268467,-154.268467,-154.268467,-154.268467,-154.268467,-154.268467,-154.268467,-154.268467,-154.268467,-154.268467,-154.268467,-154.268467,-154.268467,-154.268467,-154.268467,-154.268467,-154.268467,-154.268467,-154.268467,-154.268467,-154.268467,-154.268469,-154.268469,-154.268469,-154.268469,-154.268469,-154.268469,-154.268469,-154.268469,-154.268469,-154.268469,-154.268469,-154.268469,-154.268469,-154.268469,-154.268469,-154.268469,-154.268469,-154.268469,-154.268469,-154.268469,-154.268469,-154.268469,-154.268469,-154.268469,-154.268469,-154.268469,-154.268469,-154.268469,-154.268469,-154.268469,-154.268469,-154.268469,-154.268469,-154.268469,-154.268469,-154.268469,-154.268469,-154.268469,-154.268469,-154.268469,-154.268469,-154.268469,-154.268469,-154.268469,-154.268469,-154.268469,-154.268469,-154.268469,-154.268469,-154.268469,-154.268469,-154.268469,-154.268469,-154.268469,-154.268469,-154.268469,-154.268469,-154.268469,-154.268469,-154.268469,-154.268469,-154.268469,-154.268469,-154.268469,-154.268469,-154.268469,-154.268469,-154.268469,-154.268469,-154.268469,-154.268469,-154.268469,-154.268469,-154.268469,-154.268469,-154.268469,-154.268469,-154.268469,-154.268469,-154.268469,-154.268469,-154.268469,-154.268469,-154.268469,-154.268469,-154.268469,-154.268469,-154.268469,-154.268469,-154.268469,-154.268469,-154.268469,-154.268469,-154.268469,-154.268469,-154.268469,-154.268469,-154.268469,-154.268469,-154.268469,-154.268469,-154.268469,-154.268469,-154.268469,-154.268469,-154.268469,-154.268469,-154.268469,-154.268469,-154.268469,-154.268469,-154.268469,-154.268469,-154.268469,-154.268469,-154.268469,-154.268469,-154.268469,-154.268469,-154.268469,-154.268469,-154.268469,-154.268469,-154.268469,-154.268469,-154.268469,-154.268469,-154.26847,-154.26847,-154.26847,-154.26847,-154.26847,-154.26847,-154.26847,-154.26847,-154.26847,-154.26847,-154.26847,-154.26847,-154.26847,-154.26847,-154.26847,-154.26847,-154.26847,-154.26847,-154.26847,-154.26847,-154.26847,-154.26847,-154.26847,-154.26847,-154.26847,-154.26847,-154.26847,-154.26847,-154.26847,-154.26847,-154.26847,-154.26847,-154.26847,-154.26847,-154.26847,-154.26847,-154.26847,-154.26847,-154.26847,-154.26847,-154.26847,-154.26847,-154.26847,-154.26847,-154.26847,-154.26847,-154.26847,-154.26847,-154.26847,-154.26847,-154.26847,-154.26847,-154.26847,-154.26847,-154.26847,-154.26847,-154.26847,-154.26847,-154.26847,-154.26847,-154.26847,-154.26847,-154.26847,-154.26847,-154.26847,-154.26847,-154.26847,-154.26847,-154.26847,-154.26847,-154.26847,-154.26847,-154.26847,-154.26847,-154.26847,-154.26847,-154.26847,-154.26847,-154.26847,,Michalewicz,-10.90971558,0.933301617,-11.140014,5.341727,599465,62250250
Experiment for 6 took,1175313, Counter,62250250,,,,,,,,,,,,,,,,,,,,,,,,,,,,,,,,,,,,,,,,,,,,,,,,,,,,,,,,,,,,,,,,,,,,,,,,,,,,,,,,,,,,,,,,,,,,,,,,,,,,,,,,,,,,,,,,,,,,,,,,,,,,,,,,,,,,,,,,,,,,,,,,,,,,,,,,,,,,,,,,,,,,,,,,,,,,,,,,,,,,,,,,,,,,,,,,,,,,,,,,,,,,,,,,,,,,,,,,,,,,,,,,,,,,,,,,,,,,,,,,,,,,,,,,,,,,,,,,,,,,,,,,,,,,,,,,,,,,,,,,,,,,,,,,,,,,,,,,,,,,,,,,,,,,,,,,,,,,,,,,,,,,,,,,,,,,,,,,,,,,,,,,,,,,,,,,,,,,,,,,,,,,,,,,,,,,,,,,,,,,,,,,,,,,,,,,,,,,,,,,,,,,,,,,,,,,,,,,,,,,,,,,,,,,,,,,,,,,,,,,,,,,,,,,,,,,,,,,,,,,,,,,,,,,,,,,,,,,,,,,,,,,,,,,,,,,,,,,,Masters’ Cosine Wave,-26.15602531,5.758282618,-28,27.262008,959443,62248735
627.696091,597.993696,597.385603,512.571385,355.446919,277.946586,277.841274,277.840884,277.840884,259.650126,259.649446,259.649446,259.649446,259.649446,259.649445,259.649445,259.649445,259.649445,259.649445,259.649445,259.649445,259.649445,259.649445,259.649445,213.856616,213.856616,213.856616,208.983577,208.983577,128.190725,26.542839,26.542792,26.54274,26.54274,26.54274,26.54274,26.54274,26.54274,26.54274,26.54274,26.54274,26.54274,26.54274,26.54274,26.54274,26.54274,26.54274,26.54274,26.54274,-56.244862,-56.244863,-56.244863,-56.244863,-56.244863,-56.244863,-56.244863,-56.244863,-56.244863,-56.244863,-56.244863,-56.244863,-56.244863,-56.244863,-56.244863,-56.244863,-56.244863,-56.244863,-56.244863,-56.244863,-81.707381,-81.707381,-81.707602,-81.707625,-81.707625,-81.707625,-81.707625,-81.707625,-81.707625,-81.707625,-81.707625,-81.707625,-81.707625,-81.707625,-81.707625,-81.707625,-81.707625,-81.707625,-81.707625,-81.707625,-81.707625,-81.707625,-81.707625,-81.707625,-81.707625,-81.707625,-81.707625,-81.707625,-81.707625,-81.707625,-81.707625,-81.707625,-81.707625,-81.707625,-81.707625,-81.707625,-81.707625,-81.707625,-81.707625,-81.707625,-81.707625,-81.707625,-81.707625,-81.707625,-81.707625,-81.707625,-81.707625,-81.707625,-81.707625,-81.707625,-81.707625,-81.707625,-81.707625,-81.707625,-81.707625,-81.707625,-81.707625,-81.707625,-81.707625,-81.707625,-81.707625,-81.707625,-81.707625,-81.707625,-81.707625,-81.707625,-81.707625,-81.707625,-81.707625,-81.707625,-81.707625,-81.707625,-81.707625,-81.707625,-81.707625,-81.707625,-81.707625,-81.707625,-81.707625,-81.707625,-81.707625,-81.707625,-81.707625,-81.707625,-81.707625,-81.707625,-81.707625,-81.707625,-81.707625,-81.707625,-81.707625,-81.707625,-81.707625,-81.707625,-81.707625,-81.707625,-81.707625,-81.707625,-81.707625,-81.707625,-81.707625,-81.707625,-81.707625,-81.707625,-81.707625,-81.707625,-81.707625,-81.707625,-81.707625,-81.707625,-81.707625,-81.707625,-81.707625,-81.707625,-81.707625,-81.707625,-81.707625,-81.707625,-81.707625,-81.707625,-81.707625,-81.707625,-81.707625,-81.707625,-81.707625,-81.707625,-81.707625,-81.707625,-81.707625,-81.707625,-81.707625,-81.707625,-81.707625,-81.707625,-81.707625,-81.707625,-81.707625,-81.707625,-81.707625,-81.707625,-81.707625,-81.707625,-81.707625,-81.707625,-81.707625,-81.707625,-81.707625,-81.707625,-81.707625,-81.707625,-81.707625,-81.707625,-81.707625,-81.707625,-81.707625,-81.707625,-81.707625,-81.707625,-81.707625,-81.707625,-81.707625,-81.707625,-81.707625,-81.707625,-81.707625,-81.707625,-81.707625,-81.707625,-81.707625,-81.707625,-81.707625,-81.707625,-81.707625,-81.707625,-81.707625,-81.707625,-81.707625,-81.707625,-81.707625,-81.707625,-81.707625,-81.707625,-81.707625,-81.707625,-81.707625,-81.707625,-81.707625,-81.707625,-81.707625,-81.707625,-81.707625,-81.707625,-81.707625,-81.707625,-81.707625,-81.707625,-81.707625,-81.707625,-81.707625,-81.707625,-81.707625,-81.707625,-81.707625,-81.707625,-81.707625,-81.707625,-81.707625,-81.707625,-81.707625,-81.707625,-81.707625,-81.707625,-81.707625,-81.707625,-81.707625,-81.707625,-81.707625,-81.707625,-81.707625,-81.707625,-81.707625,-81.707625,-81.707625,-81.707625,-81.707625,-81.707625,-81.707625,-81.707625,-81.707625,-81.707625,-81.707625,-81.707625,-81.707625,-81.707625,-81.707625,-81.707625,-81.707625,-81.707625,-81.707625,-81.707625,-81.707625,-81.707625,-81.707625,-81.707625,-81.707625,-81.707625,-81.707625,-81.707625,-81.707625,-81.707625,-81.707625,-81.707625,-81.707625,-81.707625,-81.707625,-81.707625,-81.707625,-81.707625,-81.707625,-81.707625,-81.707625,-81.707625,-81.707625,-81.707625,-81.707625,-81.707625,-81.707625,-81.707625,-81.707625,-81.707625,-81.707625,-81.707625,-81.707625,-81.707625,-81.707625,-81.707625,-81.707625,-81.707625,-81.707625,-81.707625,-81.707625,-81.707625,-81.707625,-81.707625,-81.707625,-81.707625,-81.707625,-81.707625,-81.707625,-81.707625,-81.707625,-81.707625,-81.707625,-81.707625,-81.707625,-81.707625,-81.707625,-81.707625,-81.707625,-81.707625,-81.707625,-81.707625,-81.707625,-81.707625,-81.707625,-81.707625,-81.707625,-81.707625,-81.707625,-81.707625,-81.707625,-81.707625,-81.707625,-81.707625,-81.707625,-81.707625,-81.707625,-81.707625,-81.707625,-81.707625,-81.707625,-81.707625,-81.707625,-81.707625,-81.707625,-81.707625,-81.707625,-81.707625,-81.707625,-81.707625,-81.707625,-81.707625,-81.707625,-81.707625,-81.707625,-81.707625,-81.707625,-81.707625,-81.707625,-81.707625,-81.707625,-81.707625,-81.707625,-81.707625,-81.707625,-81.707625,-81.707625,-81.707625,-81.707625,-81.707625,-81.707625,-81.707625,-81.707625,-81.707625,-81.707625,-81.707625,-81.707625,-81.707625,-81.707625,-81.707625,-81.707625,-81.707625,-81.707625,-81.707625,-81.707625,-81.707625,-81.707625,-81.707625,-81.707625,-81.707625,-81.707625,-81.707625,-81.707625,-81.707625,-81.707625,-81.707625,-81.707625,-81.707625,-81.707625,-81.707625,-81.707625,-81.707625,-81.707625,-81.707625,-81.707625,-81.707625,-81.707625,-81.707625,-81.707625,-81.707625,-81.707625,-81.707625,-81.707625,-81.707625,-81.707625,-81.707625,-81.707625,-81.707625,-81.707625,-81.707625,-81.707625,-81.707625,-81.707625,-81.707625,-81.707625,-81.707625,-81.707625,-81.707625,-81.707625,-81.707625,-81.707625,-81.707625,-81.707625,-81.707625,-81.707625,-81.707625,-81.707625,-81.707625,-81.707625,-81.707625,-81.707625,-81.707625,-81.707625,-81.707625,-81.707625,-81.707625,-81.707625,-81.707625,-81.707625,-81.707625,,Quartic,109259574.4,922546794.9,0,8954756468,228305,62250919
Experiment for 7 took,280175, Counter,26507136,,,,,,,,,,,,,,,,,,,,,,,,,,,,,,,,,,,,,,,,,,,,,,,,,,,,,,,,,,,,,,,,,,,,,,,,,,,,,,,,,,,,,,,,,,,,,,,,,,,,,,,,,,,,,,,,,,,,,,,,,,,,,,,,,,,,,,,,,,,,,,,,,,,,,,,,,,,,,,,,,,,,,,,,,,,,,,,,,,,,,,,,,,,,,,,,,,,,,,,,,,,,,,,,,,,,,,,,,,,,,,,,,,,,,,,,,,,,,,,,,,,,,,,,,,,,,,,,,,,,,,,,,,,,,,,,,,,,,,,,,,,,,,,,,,,,,,,,,,,,,,,,,,,,,,,,,,,,,,,,,,,,,,,,,,,,,,,,,,,,,,,,,,,,,,,,,,,,,,,,,,,,,,,,,,,,,,,,,,,,,,,,,,,,,,,,,,,,,,,,,,,,,,,,,,,,,,,,,,,,,,,,,,,,,,,,,,,,,,,,,,,,,,,,,,,,,,,,,,,,,,,,,,,,,,,,,,,,,,,,,,,,,,,,,,,,,,,,,Levy,58.49530974,184.0129205,7.25001,1151.743184,224436,62250777
540.502077,536.036712,529.25326,509.126063,509.122618,509.122618,509.122618,509.122618,509.122618,509.122618,416.628424,416.628424,416.628424,416.628424,416.603656,416.603656,416.603656,416.603656,416.603656,303.645824,303.645824,303.645824,303.645824,303.645824,303.645824,303.645824,303.645824,303.645824,303.645824,303.645824,303.645824,303.645824,303.645824,303.645824,303.645824,303.645824,303.645824,303.645824,303.645824,303.645824,303.645824,17.327,0.005127,0.005127,0.005127,0.005127,0.005127,0.005127,0.005127,0.005127,0.005127,0.000961,0.000961,0.000961,0.000961,0.000961,0.000961,0.000961,0.000961,0.000961,0.000961,0.000961,0.000961,0.000961,0.000961,0.000961,0.000961,0.000961,0.000961,0.000961,0.000961,0.000961,0.000961,0.000961,0.000961,0.000961,0.000961,0.000961,0.000961,0.000961,0.000961,0.000961,0.000961,0.00035,0.00035,0.00035,0.00035,0.00035,0.00035,0.00035,0.00035,0.00035,0.00035,0.00035,0.00035,0.00035,0.00035,0.00035,0.00035,0.00035,0.00035,0.00035,0.00035,0.00035,0.00035,0.00035,0.00035,0.00035,0.00035,0.00035,0.00035,0.00035,0.00035,0.00035,0.00035,0.00035,0.00035,0.00035,0.00035,0.00035,0.00035,0.00035,0.00035,0.00035,0.00035,0.00035,0.00035,0.00035,0.00035,0.00035,0.00035,0.00035,0.00035,0.00035,0.00035,0.00035,0.00035,0.00035,0.00035,0.00035,0.00035,0.00035,0.00035,0.00035,0.00035,0.00035,0.00035,0.00035,0.00035,0.00035,0.00035,0.00035,0.00035,0.00035,0.00035,0.00035,0.00035,0.00035,0.00035,0.00035,0.00035,0.00035,0.00035,0.00035,0.00035,0.00035,0.00035,0.00035,0.00035,0.00035,0.00035,0.00035,0.00035,0.00035,0.00035,0.00035,0.00035,0.00035,0.00035,0.00035,0.00035,0.00035,0.00035,0.00035,0.00035,0.00035,0.00035,0.00035,0.00035,0.00035,0.00035,0.00035,0.00035,0.00035,0.00035,0.00035,0.00035,0.00035,0.00035,0.00035,0.00035,0.00035,0.00035,0.00035,0.00035,0.00035,0.00035,0.00035,0.00035,0.00035,0.00035,0.00035,0.00035,0.00035,0.00035,0.00035,0.00035,0.00035,0.00035,0.00035,0.00035,0.00035,0.00035,0.00035,0.00035,0.00035,0.00035,0.00035,0.00035,0.00035,0.00035,0.00035,0.00035,0.00035,0.00035,0.00035,0.00035,0.00035,0.00035,0.00035,0.00035,0.00035,0.00035,0.00035,0.00035,0.00035,0.00035,0.00035,0.00035,0.00035,0.00035,0.00035,0.00035,0.00035,0.00035,0.00035,0.00035,0.00035,0.00035,0.00035,0.00035,0.00035,0.00035,0.00035,0.00035,0.00035,0.00035,0.00035,0.00035,0.00035,0.00035,0.00035,0.00035,0.00035,0.00035,0.00035,0.00035,0.00035,0.00035,0.00035,0.00035,0.00035,0.00035,0.00035,0.00035,0.00035,0.00035,0.00035,0.00035,0.00035,0.00035,0.00035,0.00035,0.00035,0.00035,0.00035,0.00035,0.00035,0.00035,0.00035,0.00035,0.00035,0.00035,0.00035,0.00035,0.00035,0.00035,0.00035,0.00035,0.00035,0.00035,0.00035,0.00035,0.00035,0.00035,0.00035,0.00035,0.00035,0.00035,0.00035,0.00035,0.00035,0.00035,0.00035,0.00035,0.00035,0.00035,0.00035,0.00035,0.00035,0.00035,0.00035,0.00035,0.00035,0.00035,0.00035,0.00035,0.00035,0.00035,0.00035,0.00035,0.00035,0.00035,0.00035,0.00035,0.00035,0.00035,0.00035,0.00035,0.00035,0.00035,0.00035,0.00035,0.00035,0.00035,0.00035,0.00035,0.00035,0.00035,0.00035,0.00035,0.00035,0.00035,0.00035,0.00035,0.00035,0.00035,0.00035,0.00035,0.00035,0.00035,0.00035,0.00035,0.00035,0.00035,0.00035,0.00035,0.00035,0.00035,0.00035,0.00035,0.00035,0.00035,0.00035,0.00035,0.00035,0.00035,0.00035,0.00035,0.00035,0.00035,0.00035,0.00035,0.00035,0.00035,0.00035,0.00035,0.00035,0.00035,0.00035,0.00035,0.00035,0.00035,0.00035,0.00035,0.00035,0.00035,0.00035,0.00035,0.00035,0.00035,0.00035,0.00035,0.00035,0.00035,0.00035,0.00035,0.00035,0.00035,0.00035,0.00035,0.00035,0.00035,0.00035,0.00035,0.00035,0.00035,0.00035,0.00035,0.00035,0.00035,0.00035,0.00035,0.00035,0.00035,0.00035,0.00035,0.00035,0.00035,0.00035,0.00035,0.00035,0.00035,0.00035,0.00035,0.00035,0.00035,0.00035,0.00035,0.00035,0.00035,0.00035,0.00035,0.00035,0.00035,0.00035,0.00035,0.00035,0.00035,0.00035,0.00035,0.00035,0.00035,0.00035,0.00035,0.00035,0.00035,0.00035,0.00035,0.00035,0.00035,0.00035,0.00035,0.00035,0.00035,0.00035,0.00035,0.00035,0.00035,0.00035,0.00035,0.00035,0.00035,0.00035,0.00035,0.00035,0.00035,0.00035,0.00035,0.00035,0.00035,0.00035,0.00035,0.00035,0.00035,0.00035,0.00035,0.00035,0.00035,,Step,15.11193527,69.71646917,0.000012,690.445928,214117,62250250
Experiment for 8 took,127162, Counter,8652771,,,,,,,,,,,,,,,,,,,,,,,,,,,,,,,,,,,,,,,,,,,,,,,,,,,,,,,,,,,,,,,,,,,,,,,,,,,,,,,,,,,,,,,,,,,,,,,,,,,,,,,,,,,,,,,,,,,,,,,,,,,,,,,,,,,,,,,,,,,,,,,,,,,,,,,,,,,,,,,,,,,,,,,,,,,,,,,,,,,,,,,,,,,,,,,,,,,,,,,,,,,,,,,,,,,,,,,,,,,,,,,,,,,,,,,,,,,,,,,,,,,,,,,,,,,,,,,,,,,,,,,,,,,,,,,,,,,,,,,,,,,,,,,,,,,,,,,,,,,,,,,,,,,,,,,,,,,,,,,,,,,,,,,,,,,,,,,,,,,,,,,,,,,,,,,,,,,,,,,,,,,,,,,,,,,,,,,,,,,,,,,,,,,,,,,,,,,,,,,,,,,,,,,,,,,,,,,,,,,,,,,,,,,,,,,,,,,,,,,,,,,,,,,,,,,,,,,,,,,,,,,,,,,,,,,,,,,,,,,,,,,,,,,,,,,,,,,,,Alpine,341.2706783,1874.613566,3.5,14202.39764,721249,46217134
-2576.917748,-3246.929159,-3247.025021,-3247.025021,-3247.025021,-3247.025021,-3247.025021,-3247.025021,-3247.025021,-3247.025021,-3247.025021,-6940.29764,-6940.29764,-6940.29764,-6940.29764,-11814.2689,-12047.43041,-12047.43041,-12047.43239,-12047.43239,-12047.43239,-12047.43239,-12047.43239,-12047.43239,-12047.43239,-12047.43239,-12047.43239,-12047.43239,-12047.43239,-12047.43239,-12047.43239,-12047.43239,-12047.43252,-12047.43252,-12047.43252,-20570.45795,-20570.45795,-20570.46148,-20570.46148,-20570.46148,-20570.46148,-20570.46148,-20570.46148,-20570.46148,-20570.46148,-20570.46148,-20570.46148,-20570.46148,-20570.46148,-20570.46148,-20570.46148,-20570.46148,-20570.46148,-20570.46148,-20570.46148,-20570.46148,-20570.46148,-20570.46148,-20570.46148,-20570.46148,-20570.46148,-20570.46148,-20570.46148,-20570.46148,-20570.46148,-20570.46148,-20570.46148,-20570.46148,-20570.46148,-20570.46148,-20570.46148,-20570.46148,-20570.46148,-20570.46148,-20570.46148,-20570.46148,-20570.46148,-20570.46148,-20570.46148,-20570.46148,-20570.46148,-20570.46148,-20570.46148,-20570.46148,-20570.46148,-20570.46148,-20570.46148,-20570.46148,-20570.46148,-20570.46148,-20570.46148,-20570.46148,-20570.46148,-20570.46148,-20570.46148,-20570.46148,-20570.46148,-20570.46148,-20570.46148,-20570.46148,-20570.46148,-20570.46148,-20570.46148,-20570.46148,-20570.46148,-20570.46148,-20570.46148,-20570.46148,-20570.46148,-20570.46148,-20570.46148,-20570.46148,-20570.46148,-20570.46148,-20570.46148,-20570.46148,-20570.46148,-20570.46148,-20570.46148,-20570.46148,-20570.46148,-20570.46148,-20570.46148,-20570.46148,-20570.46148,-20570.46148,-20570.46148,-20570.46148,-20570.46148,-20570.46148,-20570.46148,-20570.46148,-20570.46148,-20570.46148,-20570.46148,-20570.46148,-20570.46148,-20570.46148,-20570.46148,-20570.46148,-20570.46148,-20570.46148,-20570.46148,-20570.46148,-20570.46148,-20570.46148,-20570.46148,-20570.46148,-20570.46148,-20570.46148,-20570.46148,-20570.46148,-20570.46148,-20570.46148,-20570.46148,-20570.46148,-20570.46148,-20570.46148,-20570.46148,-20570.46148,-20570.46148,-20570.46148,-20570.46148,-20570.46148,-20570.46148,-20570.46148,-20570.46148,-20570.46148,-20570.46148,-20570.46148,-20570.46148,-20570.46148,-20570.46148,-20570.46148,-20570.46148,-20570.46148,-20570.46148,-20570.46148,-20570.46148,-20570.46148,-20570.46148,-20570.46148,-20570.46148,-20570.46148,-20570.46148,-20570.46148,-20570.46148,-20570.46148,-20570.46148,-20570.46148,-20570.46148,-20570.46148,-20570.46148,-20570.46148,-20570.46148,-20570.46148,-20570.46148,-20570.46148,-20570.46148,-20570.46148,-20570.46148,-20570.46148,-20570.46148,-20570.46148,-20570.46148,-20570.46148,-20570.46148,-20570.46148,-20570.46148,-20570.46148,-20570.46148,-20570.46148,-20570.46148,-20570.46148,-20570.46148,-20570.46148,-20570.46148,-20570.46148,-20570.46148,-20570.46148,-20570.46148,-20570.46148,-20570.46148,-20570.46148,-20570.46148,-20570.46148,-20570.46148,-20570.46148,-20570.46148,-20570.46148,-20570.46148,-20570.46148,-20570.46148,-20570.46148,-20570.46148,-20570.46148,-20570.46148,-20570.46148,-20570.46148,-20570.46148,-20570.46148,-20570.46148,-20570.46148,-20570.46148,-20570.46148,-20570.46148,-20570.46148,-20570.46148,-20570.46148,-20570.46148,-20570.46148,-20570.46148,-20570.46148,-20570.46148,-20570.46148,-20570.46148,-20570.46148,-20570.46148,-20570.46148,-20570.46148,-20570.46148,-20570.46148,-20570.46148,-20570.46148,-20570.46148,-20570.46148,-20570.46148,-20570.46148,-20570.46148,-20570.46148,-20570.46148,-20570.46148,-20570.46148,-20570.46148,-20570.46148,-20570.46148,-20570.46148,-20570.46148,-20570.46148,-20570.46148,-20570.46148,-20570.46148,-20570.46148,-20570.46148,-20570.46148,-20570.46148,-20570.46148,-20570.46148,-20570.46148,-20570.46148,-20570.46148,-20570.46148,-20570.46148,-20570.46148,-20570.46148,-20570.46148,-20570.46148,-20570.46148,-20570.46148,-20570.46148,-20570.46148,-20570.46148,-20570.46148,-20570.46148,-20570.46148,-20570.46148,-20570.46148,-20570.46148,-20570.46148,-20570.46148,-20570.46148,-20570.46148,-20570.46148,-20570.46148,-20570.46148,-20570.46148,-20570.46148,-20570.46148,-20570.46148,-20570.46148,-20570.46148,-20570.46148,-20570.46148,-20570.46148,-20570.46148,-20570.46148,-20570.46148,-20570.46148,-20570.46148,-20570.46148,-20570.46148,-20570.46148,-20570.46148,-20570.46148,-20570.46148,-20570.46148,-20570.46148,-20570.46148,-20570.46148,-20570.46148,-20570.46148,-20570.46148,-20570.46148,-20570.46148,-20570.46148,-20570.46148,-20570.46148,-20570.46148,-20570.46148,-20570.46148,-20570.46148,-20570.46148,-20570.46148,-20570.46148,-20570.46148,-20570.46148,-20570.46148,-20570.46148,-20570.46148,-20570.46148,-20570.46148,-20570.46148,-20570.46148,-20570.46148,-20570.46148,-20570.46148,-20570.46148,-20570.46148,-20570.46148,-20570.46148,-20570.46148,-20570.46148,-20570.46148,-20570.46148,-20570.46148,-20570.46148,-20570.46148,-20570.46148,-20570.46148,-20570.46148,-20570.46148,-20570.46148,-20570.46148,-20570.46148,-20570.46148,-20570.46148,-20570.46148,-20570.46148,-20570.46148,-20570.46148,-20570.46148,-20570.46148,-20570.46148,-20570.46148,-20570.46148,-20570.46148,-20570.46148,-20570.46148,-20570.46148,-20570.46148,-20570.46148,-20570.46148,-20570.46148,-20570.46148,-20570.46148,-20570.46148,-20570.46148,-20570.46148,-20570.46148,-20570.46148,-20570.46148,-20570.46148,-20570.46148,-20570.46148,-20570.46148,-20570.46148,-20570.46148,-20570.46148,-20570.46148,-20570.46148,-20570.46148,-20570.46148,-20570.46148,-20570.46148,-20570.46148,-20570.46148,-20570.46148,-20570.46148,-20570.46148,-20570.46148,-20570.46148,-20570.46148,-20570.46148,-20570.46148,-20570.46148,-20570.46148,-20570.46148,-20570.46148,-20570.46148,-20570.46148,-20570.46148,-20570.46148,-20570.46148,-20570.46148,-20570.46148,-20570.46148,-20570.46148,-20570.46148,-20570.46148,-20570.46148,-20570.46148,-20570.46148,-20570.46148,-20570.46148,-20570.46148,-20570.46148,-20570.46148,-20570.46148,-20570.46148,-20570.46148,-20570.46148,-20570.46148,-20570.46148,-20570.46148,-20570.46148,-20570.46148,-20570.46148,-20570.46148,-20570.46148,-20570.46148,-20570.46148,-20570.46148,-20570.46148,-20570.46148,-20570.46148,-20570.46148,-20570.46148,-20570.46148,-20570.46148,-20570.46148,-20570.46148,-20570.46148,-20570.46148,-20570.46148,-20570.46148,-20570.46148,-20570.46148,-20570.46148,-20570.46148,-20570.46148,-20570.46148,-20570.46148,-20570.46148,-20570.46148,-20570.46148,-20570.46148,-20570.46148,-20570.46148,-20570.46148,, ,,,,,,
Experiment for 9 took,441489, Counter,62250250,,,,,,,,,,,,,,,,,,,,,,,,,,,,,,,,,,,,,,,,,,,,,,,,,,,,,,,,,,,,,,,,,,,,,,,,,,,,,,,,,,,,,,,,,,,,,,,,,,,,,,,,,,,,,,,,,,,,,,,,,,,,,,,,,,,,,,,,,,,,,,,,,,,,,,,,,,,,,,,,,,,,,,,,,,,,,,,,,,,,,,,,,,,,,,,,,,,,,,,,,,,,,,,,,,,,,,,,,,,,,,,,,,,,,,,,,,,,,,,,,,,,,,,,,,,,,,,,,,,,,,,,,,,,,,,,,,,,,,,,,,,,,,,,,,,,,,,,,,,,,,,,,,,,,,,,,,,,,,,,,,,,,,,,,,,,,,,,,,,,,,,,,,,,,,,,,,,,,,,,,,,,,,,,,,,,,,,,,,,,,,,,,,,,,,,,,,,,,,,,,,,,,,,,,,,,,,,,,,,,,,,,,,,,,,,,,,,,,,,,,,,,,,,,,,,,,,,,,,,,,,,,,,,,,,,,,,,,,,,,,,,,,,,,,,,,,,,,,,,,,,,
-3786.504786,-4452.063319,-4452.063319,-4452.063319,-4452.063319,-4452.063319,-4452.063319,-4452.063319,-4452.063319,-4452.063319,-4452.063319,-4452.063319,-4845.44298,-7976.433615,-7981.719707,-10388.44655,-15509.11215,-15510.26834,-15511.00427,-15511.00427,-15511.09312,-15511.09312,-15511.09312,-15511.12188,-15511.12188,-15511.12188,-15511.12188,-15511.12188,-15511.12188,-15511.12188,-15511.12188,-15511.12188,-15511.12188,-15511.12188,-15511.12188,-15511.12188,-15511.12188,-15511.12188,-15511.12188,-15511.12188,-15511.12188,-15511.12188,-15511.12188,-15511.12188,-15511.14787,-15511.14787,-15511.14787,-15511.14787,-15511.14787,-15511.14787,-15511.14787,-15511.14787,-15511.14787,-15511.14787,-15511.14787,-15511.14787,-15511.14787,-18500.24601,-19141.13006,-19143.8525,-19150.89201,-19151.6486,-19151.6486,-19151.6486,-19152.02246,-19152.02246,-19152.02246,-19152.02246,-19152.02246,-19152.02246,-19152.02246,-19152.02246,-19152.02246,-19152.02246,-19152.02246,-19152.02246,-19152.02246,-19152.02246,-19152.02246,-19152.02246,-19152.02246,-19152.02246,-19152.02246,-19152.02246,-19152.02246,-19152.02246,-19152.02246,-19152.02246,-19152.02246,-19152.02246,-19152.02246,-19152.02246,-19152.02246,-19152.02246,-19152.02246,-19152.02246,-19152.02246,-19152.02246,-19152.02246,-19152.02246,-19152.02246,-19152.02246,-19152.06783,-19152.06783,-19152.06783,-19152.06783,-19152.06783,-19152.06783,-19152.06783,-19152.06783,-19152.06783,-19152.06783,-19152.06783,-19152.06783,-19152.06783,-19152.06783,-19152.06783,-19152.06783,-19152.06783,-19152.06783,-19152.06783,-19152.06783,-19152.06783,-19152.06783,-19152.06783,-19152.06783,-19152.06783,-19152.06783,-19152.06783,-19152.06783,-19152.06783,-19152.06783,-19152.06783,-19152.06783,-19152.06783,-19152.06783,-19152.06783,-19152.06783,-19152.06783,-19152.06783,-19152.06783,-19152.06783,-19152.06783,-19152.06783,-19152.06783,-19152.06783,-19152.06783,-19152.06783,-19152.06783,-19152.06783,-19152.06783,-19152.06783,-19152.06783,-19152.06783,-19152.06783,-19152.06783,-19152.06783,-19152.06783,-19152.06783,-19152.06783,-19152.06783,-19152.06783,-19152.06783,-19152.06783,-19152.06783,-19152.06783,-19152.06783,-19152.06783,-19152.06783,-19152.06783,-19152.06783,-19152.06783,-19152.06783,-19152.06783,-19152.06783,-19152.06783,-19152.06783,-19152.06783,-19152.06783,-19152.06783,-19152.06783,-19152.06783,-19152.06783,-19152.06783,-19152.06783,-19152.06783,-19152.06783,-19152.07438,-19152.07438,-19152.07438,-19152.07438,-19152.07438,-19152.07438,-19152.07438,-19152.07438,-19152.07438,-19152.07438,-19152.07438,-19152.07438,-19152.07438,-19152.07438,-19152.07438,-19152.07438,-19152.07438,-19152.07438,-19152.07438,-19152.07438,-19152.07438,-19152.07438,-19152.07438,-19152.07438,-19152.07438,-19152.07438,-19152.07438,-19152.07438,-19152.07438,-19152.07438,-19152.07438,-19152.07438,-19152.07438,-19152.07438,-19152.07438,-19152.07438,-19152.07438,-19152.07438,-19152.07438,-19152.07438,-19152.07438,-19152.07438,-19152.07438,-19152.07438,-19152.07438,-19152.07438,-19152.07438,-19152.07438,-19152.07438,-19152.07438,-19152.07438,-19152.07438,-19152.07438,-19152.07438,-19152.07438,-19152.07438,-19152.07438,-19152.07438,-19152.07438,-19152.07438,-19152.07438,-19152.07438,-19152.07438,-19152.07438,-19152.07438,-19152.07438,-19152.07438,-19152.07562,-19152.07562,-19152.07562,-19152.07562,-19152.07562,-19152.07562,-19152.07562,-19152.07562,-19152.07562,-19152.07562,-19152.07562,-19152.07562,-19152.07562,-19152.07562,-19152.07562,-19152.07562,-19152.07562,-19152.07562,-19152.07562,-19152.07562,-19152.07562,-19152.07562,-19152.07562,-19152.07562,-19152.07562,-19152.07562,-19152.07562,-19152.07562,-19152.07562,-19152.07562,-19152.07562,-19152.07562,-19152.07562,-19152.07562,-19152.07562,-19152.07562,-19152.07562,-19152.07562,-19152.07562,-19152.07562,-19152.07562,-19152.07562,-19152.07562,-19152.07562,-19152.07562,-19152.07562,-19152.07562,-19152.07562,-19152.07562,-19152.07562,-19152.07562,-19152.07562,-19152.07562,-19152.07562,-19152.07562,-19152.07562,-19152.07562,-19152.07562,-19152.07562,-19152.07562,-19152.07562,-19152.07562,-19152.07562,-19152.07562,-19152.07562,-19152.07562,-19152.07562,-19152.07562,-19152.07562,-19152.07562,-19152.07562,-19152.07562,-19152.07562,-19152.07562,-19152.07562,-19152.07562,-19152.07562,-19152.07562,-19152.07562,-19152.07562,-19152.07562,-19152.07562,-19152.07562,-19152.07562,-19152.07562,-19152.07562,-19152.07562,-19152.07562,-19152.07562,-19152.07562,-19152.07562,-19152.07562,-19152.07562,-19152.07562,-19152.07562,-19152.07562,-19152.07562,-19152.07562,-19152.07562,-19152.07562,-19152.07562,-19152.0801,-19152.0801,-19152.0801,-19152.08089,-19152.08089,-19152.08089,-19152.08089,-19152.08089,-19152.08089,-19152.08089,-19152.08089,-19152.08089,-19152.08089,-19152.08089,-19152.08089,-19152.08089,-19152.08089,-19152.08089,-19152.08089,-19152.08089,-19152.08089,-19152.08089,-19152.08089,-19152.08089,-19152.08089,-19152.08089,-19152.08089,-19152.08089,-19152.08089,-19152.08089,-19152.08089,-19152.08089,-19152.08089,-19152.08089,-19152.08089,-19152.08089,-19152.08089,-19152.08089,-19152.08089,-19152.08089,-19152.08089,-19152.08089,-19152.08089,-19152.08089,-19152.08089,-19152.08089,-19152.08089,-19152.08089,-19152.08089,-19152.08089,-19152.08089,-19152.08089,-19152.08089,-19152.08089,-19152.08089,-19152.08089,-19152.08089,-19152.08089,-19152.08089,-19152.08089,-19152.08089,-19152.08089,-19152.08089,-19152.08089,-19152.08089,-19152.08089,-19152.08089,-19152.08089,-19152.08089,-19152.08089,-19152.08089,-19152.08089,-19152.08089,-19152.08089,-19152.08089,-19152.08089,-19152.08089,-19152.08089,-19152.08089,-19152.08089,-19152.08089,-19152.08089,-19152.08089,-19152.08089,-19152.08089,-19152.08089,-19152.08089,-19152.08089,-19152.08089,-19152.08089,-19152.08089,-19152.08089,-19152.08089,-19152.08089,-19152.08089,-19152.08089,-19152.08089,-19152.08089,-19152.08089,-19152.08089,-19152.08089,-19152.08089,-19152.08089,-19152.08089,-19152.08089,-19152.08089,-19152.08089,-19152.08089,-19152.08089,-19152.08089,-19152.08089,-19152.08089,-19152.08089,-19152.08089,-19152.08089,-19152.08089,-19152.08089,-19152.08089,-19152.08089,-19152.08089,-19152.08089,-19152.08089,-19152.08089,-19152.08089,-19152.08089,-19152.08089,-19152.08089,-19152.08089,-19152.08089,-19152.08089,-19152.08089,-19152.08089,-19152.08089,-19152.08089,-19152.08089,-19152.08089,-19152.08089,-19152.08089,-19152.08089,-19152.08089,-19152.08089,-19152.08089,-19152.08089,-19152.08089,, ,,,,,,
Experiment for 10 took,130152, Counter,11617838,,,,,,,,,,,,,,,,,,,,,,,,,,,,,,,,,,,,,,,,,,,,,,,,,,,,,,,,,,,,,,,,,,,,,,,,,,,,,,,,,,,,,,,,,,,,,,,,,,,,,,,,,,,,,,,,,,,,,,,,,,,,,,,,,,,,,,,,,,,,,,,,,,,,,,,,,,,,,,,,,,,,,,,,,,,,,,,,,,,,,,,,,,,,,,,,,,,,,,,,,,,,,,,,,,,,,,,,,,,,,,,,,,,,,,,,,,,,,,,,,,,,,,,,,,,,,,,,,,,,,,,,,,,,,,,,,,,,,,,,,,,,,,,,,,,,,,,,,,,,,,,,,,,,,,,,,,,,,,,,,,,,,,,,,,,,,,,,,,,,,,,,,,,,,,,,,,,,,,,,,,,,,,,,,,,,,,,,,,,,,,,,,,,,,,,,,,,,,,,,,,,,,,,,,,,,,,,,,,,,,,,,,,,,,,,,,,,,,,,,,,,,,,,,,,,,,,,,,,,,,,,,,,,,,,,,,,,,,,,,,,,,,,,,,,,,,,,,,,,,,,,
5.979554,3.816538,2.856051,1.865972,-2.026067,-2.500071,-2.500071,-2.500071,-2.500071,-7.095307,-7.095307,-7.095307,-9.449556,-9.449556,-9.449556,-9.449556,-12.542739,-12.833555,-12.885261,-12.885261,-12.885261,-12.885261,-13.908507,-14.930422,-16.00487,-16.808741,-16.808741,-21.344439,-27.999984,-27.999998,-28,-28,-28,-28,-28,-28,-28,-28,-28,-28,-28,-28,-28,-28,-28,-28,-28,-28,-28,-28,-28,-28,-28,-28,-28,-28,-28,-28,-28,-28,-28,-28,-28,-28,-28,-28,-28,-28,-28,-28,-28,-28,-28,-28,-28,-28,-28,-28,-28,-28,-28,-28,-28,-28,-28,-28,-28,-28,-28,-28,-28,-28,-28,-28,-28,-28,-28,-28,-28,-28,-28,-28,-28,-28,-28,-28,-28,-28,-28,-28,-28,-28,-28,-28,-28,-28,-28,-28,-28,-28,-28,-28,-28,-28,-28,-28,-28,-28,-28,-28,-28,-28,-28,-28,-28,-28,-28,-28,-28,-28,-28,-28,-28,-28,-28,-28,-28,-28,-28,-28,-28,-28,-28,-28,-28,-28,-28,-28,-28,-28,-28,-28,-28,-28,-28,-28,-28,-28,-28,-28,-28,-28,-28,-28,-28,-28,-28,-28,-28,-28,-28,-28,-28,-28,-28,-28,-28,-28,-28,-28,-28,-28,-28,-28,-28,-28,-28,-28,-28,-28,-28,-28,-28,-28,-28,-28,-28,-28,-28,-28,-28,-28,-28,-28,-28,-28,-28,-28,-28,-28,-28,-28,-28,-28,-28,-28,-28,-28,-28,-28,-28,-28,-28,-28,-28,-28,-28,-28,-28,-28,-28,-28,-28,-28,-28,-28,-28,-28,-28,-28,-28,-28,-28,-28,-28,-28,-28,-28,-28,-28,-28,-28,-28,-28,-28,-28,-28,-28,-28,-28,-28,-28,-28,-28,-28,-28,-28,-28,-28,-28,-28,-28,-28,-28,-28,-28,-28,-28,-28,-28,-28,-28,-28,-28,-28,-28,-28,-28,-28,-28,-28,-28,-28,-28,-28,-28,-28,-28,-28,-28,-28,-28,-28,-28,-28,-28,-28,-28,-28,-28,-28,-28,-28,-28,-28,-28,-28,-28,-28,-28,-28,-28,-28,-28,-28,-28,-28,-28,-28,-28,-28,-28,-28,-28,-28,-28,-28,-28,-28,-28,-28,-28,-28,-28,-28,-28,-28,-28,-28,-28,-28,-28,-28,-28,-28,-28,-28,-28,-28,-28,-28,-28,-28,-28,-28,-28,-28,-28,-28,-28,-28,-28,-28,-28,-28,-28,-28,-28,-28,-28,-28,-28,-28,-28,-28,-28,-28,-28,-28,-28,-28,-28,-28,-28,-28,-28,-28,-28,-28,-28,-28,-28,-28,-28,-28,-28,-28,-28,-28,-28,-28,-28,-28,-28,-28,-28,-28,-28,-28,-28,-28,-28,-28,-28,-28,-28,-28,-28,-28,-28,-28,-28,-28,-28,-28,-28,-28,-28,-28,-28,-28,-28,-28,-28,-28,-28,-28,-28,-28,-28,-28,-28,-28,-28,-28,-28,-28,-28,-28,-28,-28,-28,-28,-28,-28,-28,-28,-28,-28,-28,-28,-28,-28,-28,-28,-28,-28,-28,-28,-28,-28,-28,-28,-28,-28,-28,-28,-28,-28,, ,,,,,,
Experiment for 11 took,1110539, Counter,62250250,,,,,,,,,,,,,,,,,,,,,,,,,,,,,,,,,,,,,,,,,,,,,,,,,,,,,,,,,,,,,,,,,,,,,,,,,,,,,,,,,,,,,,,,,,,,,,,,,,,,,,,,,,,,,,,,,,,,,,,,,,,,,,,,,,,,,,,,,,,,,,,,,,,,,,,,,,,,,,,,,,,,,,,,,,,,,,,,,,,,,,,,,,,,,,,,,,,,,,,,,,,,,,,,,,,,,,,,,,,,,,,,,,,,,,,,,,,,,,,,,,,,,,,,,,,,,,,,,,,,,,,,,,,,,,,,,,,,,,,,,,,,,,,,,,,,,,,,,,,,,,,,,,,,,,,,,,,,,,,,,,,,,,,,,,,,,,,,,,,,,,,,,,,,,,,,,,,,,,,,,,,,,,,,,,,,,,,,,,,,,,,,,,,,,,,,,,,,,,,,,,,,,,,,,,,,,,,,,,,,,,,,,,,,,,,,,,,,,,,,,,,,,,,,,,,,,,,,,,,,,,,,,,,,,,,,,,,,,,,,,,,,,,,,,,,,,,,,,,,,,,,
-5.798287,-5.936147,-5.960332,-5.96034,-5.96034,-6.108456,-6.532943,-6.532943,-6.638249,-7.350181,-7.350521,-7.350521,-7.350521,-7.350521,-7.350521,-7.350521,-7.350521,-7.447989,-8.133447,-8.133486,-8.133486,-8.133486,-8.133486,-8.133486,-8.133486,-8.133486,-8.133486,-8.133486,-8.133486,-8.133486,-11.139949,-11.14001,-11.14001,-11.14001,-11.14001,-11.14001,-11.14001,-11.14001,-11.14001,-11.14001,-11.14001,-11.14001,-11.14001,-11.14001,-11.14001,-11.14001,-11.14001,-11.14001,-11.14001,-11.140014,-11.140014,-11.140014,-11.140014,-11.140014,-11.140014,-11.140014,-11.140014,-11.140014,-11.140014,-11.140014,-11.140014,-11.140014,-11.140014,-11.140014,-11.140014,-11.140014,-11.140014,-11.140014,-11.140014,-11.140014,-11.140014,-11.140014,-11.140014,-11.140014,-11.140014,-11.140014,-11.140014,-11.140014,-11.140014,-11.140014,-11.140014,-11.140014,-11.140014,-11.140014,-11.140014,-11.140014,-11.140014,-11.140014,-11.140014,-11.140014,-11.140014,-11.140014,-11.140014,-11.140014,-11.140014,-11.140014,-11.140014,-11.140014,-11.140014,-11.140014,-11.140014,-11.140014,-11.140014,-11.140014,-11.140014,-11.140014,-11.140014,-11.140014,-11.140014,-11.140014,-11.140014,-11.140014,-11.140014,-11.140014,-11.140014,-11.140014,-11.140014,-11.140014,-11.140014,-11.140014,-11.140014,-11.140014,-11.140014,-11.140014,-11.140014,-11.140014,-11.140014,-11.140014,-11.140014,-11.140014,-11.140014,-11.140014,-11.140014,-11.140014,-11.140014,-11.140014,-11.140014,-11.140014,-11.140014,-11.140014,-11.140014,-11.140014,-11.140014,-11.140014,-11.140014,-11.140014,-11.140014,-11.140014,-11.140014,-11.140014,-11.140014,-11.140014,-11.140014,-11.140014,-11.140014,-11.140014,-11.140014,-11.140014,-11.140014,-11.140014,-11.140014,-11.140014,-11.140014,-11.140014,-11.140014,-11.140014,-11.140014,-11.140014,-11.140014,-11.140014,-11.140014,-11.140014,-11.140014,-11.140014,-11.140014,-11.140014,-11.140014,-11.140014,-11.140014,-11.140014,-11.140014,-11.140014,-11.140014,-11.140014,-11.140014,-11.140014,-11.140014,-11.140014,-11.140014,-11.140014,-11.140014,-11.140014,-11.140014,-11.140014,-11.140014,-11.140014,-11.140014,-11.140014,-11.140014,-11.140014,-11.140014,-11.140014,-11.140014,-11.140014,-11.140014,-11.140014,-11.140014,-11.140014,-11.140014,-11.140014,-11.140014,-11.140014,-11.140014,-11.140014,-11.140014,-11.140014,-11.140014,-11.140014,-11.140014,-11.140014,-11.140014,-11.140014,-11.140014,-11.140014,-11.140014,-11.140014,-11.140014,-11.140014,-11.140014,-11.140014,-11.140014,-11.140014,-11.140014,-11.140014,-11.140014,-11.140014,-11.140014,-11.140014,-11.140014,-11.140014,-11.140014,-11.140014,-11.140014,-11.140014,-11.140014,-11.140014,-11.140014,-11.140014,-11.140014,-11.140014,-11.140014,-11.140014,-11.140014,-11.140014,-11.140014,-11.140014,-11.140014,-11.140014,-11.140014,-11.140014,-11.140014,-11.140014,-11.140014,-11.140014,-11.140014,-11.140014,-11.140014,-11.140014,-11.140014,-11.140014,-11.140014,-11.140014,-11.140014,-11.140014,-11.140014,-11.140014,-11.140014,-11.140014,-11.140014,-11.140014,-11.140014,-11.140014,-11.140014,-11.140014,-11.140014,-11.140014,-11.140014,-11.140014,-11.140014,-11.140014,-11.140014,-11.140014,-11.140014,-11.140014,-11.140014,-11.140014,-11.140014,-11.140014,-11.140014,-11.140014,-11.140014,-11.140014,-11.140014,-11.140014,-11.140014,-11.140014,-11.140014,-11.140014,-11.140014,-11.140014,-11.140014,-11.140014,-11.140014,-11.140014,-11.140014,-11.140014,-11.140014,-11.140014,-11.140014,-11.140014,-11.140014,-11.140014,-11.140014,-11.140014,-11.140014,-11.140014,-11.140014,-11.140014,-11.140014,-11.140014,-11.140014,-11.140014,-11.140014,-11.140014,-11.140014,-11.140014,-11.140014,-11.140014,-11.140014,-11.140014,-11.140014,-11.140014,-11.140014,-11.140014,-11.140014,-11.140014,-11.140014,-11.140014,-11.140014,-11.140014,-11.140014,-11.140014,-11.140014,-11.140014,-11.140014,-11.140014,-11.140014,-11.140014,-11.140014,-11.140014,-11.140014,-11.140014,-11.140014,-11.140014,-11.140014,-11.140014,-11.140014,-11.140014,-11.140014,-11.140014,-11.140014,-11.140014,-11.140014,-11.140014,-11.140014,-11.140014,-11.140014,-11.140014,-11.140014,-11.140014,-11.140014,-11.140014,-11.140014,-11.140014,-11.140014,-11.140014,-11.140014,-11.140014,-11.140014,-11.140014,-11.140014,-11.140014,-11.140014,-11.140014,-11.140014,-11.140014,-11.140014,-11.140014,-11.140014,-11.140014,-11.140014,-11.140014,-11.140014,-11.140014,-11.140014,-11.140014,-11.140014,-11.140014,-11.140014,-11.140014,-11.140014,-11.140014,-11.140014,-11.140014,-11.140014,-11.140014,-11.140014,-11.140014,-11.140014,-11.140014,-11.140014,-11.140014,-11.140014,-11.140014,-11.140014,-11.140014,-11.140014,-11.140014,-11.140014,-11.140014,-11.140014,-11.140014,-11.140014,-11.140014,-11.140014,-11.140014,-11.140014,-11.140014,-11.140014,-11.140014,-11.140014,-11.140014,-11.140014,-11.140014,-11.140014,-11.140014,-11.140014,-11.140014,-11.140014,-11.140014,-11.140014,-11.140014,-11.140014,-11.140014,-11.140014,-11.140014,-11.140014,-11.140014,-11.140014,-11.140014,-11.140014,-11.140014,-11.140014,-11.140014,-11.140014,-11.140014,-11.140014,-11.140014,-11.140014,-11.140014,-11.140014,-11.140014,-11.140014,-11.140014,-11.140014,-11.140014,-11.140014,-11.140014,-11.140014,-11.140014,-11.140014,-11.140014,-11.140014,-11.140014,-11.140014,-11.140014,-11.140014,-11.140014,-11.140014,-11.140014,-11.140014,-11.140014,-11.140014,-11.140014,-11.140014,-11.140014,-11.140014,-11.140014,-11.140014,, ,,,,,,
Experiment for 12 took,599465, Counter,62250250,,,,,,,,,,,,,,,,,,,,,,,,,,,,,,,,,,,,,,,,,,,,,,,,,,,,,,,,,,,,,,,,,,,,,,,,,,,,,,,,,,,,,,,,,,,,,,,,,,,,,,,,,,,,,,,,,,,,,,,,,,,,,,,,,,,,,,,,,,,,,,,,,,,,,,,,,,,,,,,,,,,,,,,,,,,,,,,,,,,,,,,,,,,,,,,,,,,,,,,,,,,,,,,,,,,,,,,,,,,,,,,,,,,,,,,,,,,,,,,,,,,,,,,,,,,,,,,,,,,,,,,,,,,,,,,,,,,,,,,,,,,,,,,,,,,,,,,,,,,,,,,,,,,,,,,,,,,,,,,,,,,,,,,,,,,,,,,,,,,,,,,,,,,,,,,,,,,,,,,,,,,,,,,,,,,,,,,,,,,,,,,,,,,,,,,,,,,,,,,,,,,,,,,,,,,,,,,,,,,,,,,,,,,,,,,,,,,,,,,,,,,,,,,,,,,,,,,,,,,,,,,,,,,,,,,,,,,,,,,,,,,,,,,,,,,,,,,,,,,,,,,
-0.737992,-1.018432,-1.018436,-1.01845,-1.018452,-1.018452,-1.446582,-1.446582,-1.446582,-1.446582,-7.468642,-7.468642,-7.468801,-7.468801,-7.468801,-7.468801,-7.468801,-7.468801,-12.273865,-12.273865,-12.273873,-12.273873,-12.273873,-12.273873,-12.273873,-12.273873,-12.273873,-12.273873,-12.273873,-12.273873,-12.273873,-12.273873,-12.273873,-12.273873,-12.273873,-12.273873,-12.273873,-12.273873,-12.273873,-12.273873,-12.273873,-12.273873,-12.273873,-12.273873,-12.273873,-12.273873,-12.273873,-12.273873,-12.273873,-27.999976,-27.99999,-27.999996,-27.999996,-27.999996,-27.999997,-27.999998,-28,-28,-28,-28,-28,-28,-28,-28,-28,-28,-28,-28,-28,-28,-28,-28,-28,-28,-28,-28,-28,-28,-28,-28,-28,-28,-28,-28,-28,-28,-28,-28,-28,-28,-28,-28,-28,-28,-28,-28,-28,-28,-28,-28,-28,-28,-28,-28,-28,-28,-28,-28,-28,-28,-28,-28,-28,-28,-28,-28,-28,-28,-28,-28,-28,-28,-28,-28,-28,-28,-28,-28,-28,-28,-28,-28,-28,-28,-28,-28,-28,-28,-28,-28,-28,-28,-28,-28,-28,-28,-28,-28,-28,-28,-28,-28,-28,-28,-28,-28,-28,-28,-28,-28,-28,-28,-28,-28,-28,-28,-28,-28,-28,-28,-28,-28,-28,-28,-28,-28,-28,-28,-28,-28,-28,-28,-28,-28,-28,-28,-28,-28,-28,-28,-28,-28,-28,-28,-28,-28,-28,-28,-28,-28,-28,-28,-28,-28,-28,-28,-28,-28,-28,-28,-28,-28,-28,-28,-28,-28,-28,-28,-28,-28,-28,-28,-28,-28,-28,-28,-28,-28,-28,-28,-28,-28,-28,-28,-28,-28,-28,-28,-28,-28,-28,-28,-28,-28,-28,-28,-28,-28,-28,-28,-28,-28,-28,-28,-28,-28,-28,-28,-28,-28,-28,-28,-28,-28,-28,-28,-28,-28,-28,-28,-28,-28,-28,-28,-28,-28,-28,-28,-28,-28,-28,-28,-28,-28,-28,-28,-28,-28,-28,-28,-28,-28,-28,-28,-28,-28,-28,-28,-28,-28,-28,-28,-28,-28,-28,-28,-28,-28,-28,-28,-28,-28,-28,-28,-28,-28,-28,-28,-28,-28,-28,-28,-28,-28,-28,-28,-28,-28,-28,-28,-28,-28,-28,-28,-28,-28,-28,-28,-28,-28,-28,-28,-28,-28,-28,-28,-28,-28,-28,-28,-28,-28,-28,-28,-28,-28,-28,-28,-28,-28,-28,-28,-28,-28,-28,-28,-28,-28,-28,-28,-28,-28,-28,-28,-28,-28,-28,-28,-28,-28,-28,-28,-28,-28,-28,-28,-28,-28,-28,-28,-28,-28,-28,-28,-28,-28,-28,-28,-28,-28,-28,-28,-28,-28,-28,-28,-28,-28,-28,-28,-28,-28,-28,-28,-28,-28,-28,-28,-28,-28,-28,-28,-28,-28,-28,-28,-28,-28,-28,-28,-28,-28,-28,-28,-28,-28,-28,-28,-28,-28,-28,-28,-28,-28,-28,-28,-28,-28,-28,-28,-28,-28,-28,-28,-28,-28,-28,-28,-28,-28,-28,-28,-28,-28,-28,-28,-28,-28,-28,-28,-28,-28,-28,-28,-28,-28,-28,-28,-28,-28,-28,-28,-28,-28,-28,-28,-28,-28,-28,-28,-28,-28,-28,-28,-28,-28,-28,-28,-28,, ,,,,,,
Experiment for 13 took,959443, Counter,62248735,,,,,,,,,,,,,,,,,,,,,,,,,,,,,,,,,,,,,,,,,,,,,,,,,,,,,,,,,,,,,,,,,,,,,,,,,,,,,,,,,,,,,,,,,,,,,,,,,,,,,,,,,,,,,,,,,,,,,,,,,,,,,,,,,,,,,,,,,,,,,,,,,,,,,,,,,,,,,,,,,,,,,,,,,,,,,,,,,,,,,,,,,,,,,,,,,,,,,,,,,,,,,,,,,,,,,,,,,,,,,,,,,,,,,,,,,,,,,,,,,,,,,,,,,,,,,,,,,,,,,,,,,,,,,,,,,,,,,,,,,,,,,,,,,,,,,,,,,,,,,,,,,,,,,,,,,,,,,,,,,,,,,,,,,,,,,,,,,,,,,,,,,,,,,,,,,,,,,,,,,,,,,,,,,,,,,,,,,,,,,,,,,,,,,,,,,,,,,,,,,,,,,,,,,,,,,,,,,,,,,,,,,,,,,,,,,,,,,,,,,,,,,,,,,,,,,,,,,,,,,,,,,,,,,,,,,,,,,,,,,,,,,,,,,,,,,,,,,,,,,,,
8954756468,8954756468,8954756468,8954756468,8954756468,4540081872,2279783591,1396865843,1396865843,28558719.79,22162313.89,2943960.72,2943822.734,2943820.529,2943820.435,2943820.417,2943820.417,2943820.417,2943820.417,2943820.417,2943820.417,2943820.417,2943820.417,2943820.417,2943820.417,2943820.417,2943820.417,2943820.417,2943820.417,2943820.417,2943820.417,2943820.417,2943820.417,2943820.417,2943820.417,2943820.417,2943820.417,2943820.417,2943820.417,0.000228,0,0,0,0,0,0,0,0,0,0,0,0,0,0,0,0,0,0,0,0,0,0,0,0,0,0,0,0,0,0,0,0,0,0,0,0,0,0,0,0,0,0,0,0,0,0,0,0,0,0,0,0,0,0,0,0,0,0,0,0,0,0,0,0,0,0,0,0,0,0,0,0,0,0,0,0,0,0,0,0,0,0,0,0,0,0,0,0,0,0,0,0,0,0,0,0,0,0,0,0,0,0,0,0,0,0,0,0,0,0,0,0,0,0,0,0,0,0,0,0,0,0,0,0,0,0,0,0,0,0,0,0,0,0,0,0,0,0,0,0,0,0,0,0,0,0,0,0,0,0,0,0,0,0,0,0,0,0,0,0,0,0,0,0,0,0,0,0,0,0,0,0,0,0,0,0,0,0,0,0,0,0,0,0,0,0,0,0,0,0,0,0,0,0,0,0,0,0,0,0,0,0,0,0,0,0,0,0,0,0,0,0,0,0,0,0,0,0,0,0,0,0,0,0,0,0,0,0,0,0,0,0,0,0,0,0,0,0,0,0,0,0,0,0,0,0,0,0,0,0,0,0,0,0,0,0,0,0,0,0,0,0,0,0,0,0,0,0,0,0,0,0,0,0,0,0,0,0,0,0,0,0,0,0,0,0,0,0,0,0,0,0,0,0,0,0,0,0,0,0,0,0,0,0,0,0,0,0,0,0,0,0,0,0,0,0,0,0,0,0,0,0,0,0,0,0,0,0,0,0,0,0,0,0,0,0,0,0,0,0,0,0,0,0,0,0,0,0,0,0,0,0,0,0,0,0,0,0,0,0,0,0,0,0,0,0,0,0,0,0,0,0,0,0,0,0,0,0,0,0,0,0,0,0,0,0,0,0,0,0,0,0,0,0,0,0,0,0,0,0,0,0,0,0,0,0,0,0,0,0,0,0,0,0,0,0,0,0,0,0,0,0,0,0,0,0,0,0,0,0,0,0,0,0,0,0,0,0,0,0,0,0,0,0,0,0,0,0,0,0,0,0,0,0,0,0,0,0,0,, ,,,,,,
Experiment for 14 took,228305, Counter,62250919,,,,,,,,,,,,,,,,,,,,,,,,,,,,,,,,,,,,,,,,,,,,,,,,,,,,,,,,,,,,,,,,,,,,,,,,,,,,,,,,,,,,,,,,,,,,,,,,,,,,,,,,,,,,,,,,,,,,,,,,,,,,,,,,,,,,,,,,,,,,,,,,,,,,,,,,,,,,,,,,,,,,,,,,,,,,,,,,,,,,,,,,,,,,,,,,,,,,,,,,,,,,,,,,,,,,,,,,,,,,,,,,,,,,,,,,,,,,,,,,,,,,,,,,,,,,,,,,,,,,,,,,,,,,,,,,,,,,,,,,,,,,,,,,,,,,,,,,,,,,,,,,,,,,,,,,,,,,,,,,,,,,,,,,,,,,,,,,,,,,,,,,,,,,,,,,,,,,,,,,,,,,,,,,,,,,,,,,,,,,,,,,,,,,,,,,,,,,,,,,,,,,,,,,,,,,,,,,,,,,,,,,,,,,,,,,,,,,,,,,,,,,,,,,,,,,,,,,,,,,,,,,,,,,,,,,,,,,,,,,,,,,,,,,,,,,,,,,,,,,,,,
1158.993194,1158.993194,1036.562861,939.082341,939.082282,939.082269,939.082269,763.581213,762.953685,762.95345,758.072901,757.205038,670.675834,648.342994,648.342994,647.295293,647.295266,644.815701,602.898874,602.898865,602.898864,602.898864,602.898864,602.898864,602.898864,602.898864,602.898864,602.898864,602.898864,602.898864,541.748984,417.927852,417.927852,417.927852,334.7727,334.7727,334.7727,334.7727,334.7727,334.7727,7.253457,7.253457,7.253457,7.253457,7.253457,7.253457,7.253457,7.253457,7.251103,7.251103,7.250282,7.250282,7.250282,7.250282,7.250282,7.250282,7.250282,7.250282,7.250282,7.250282,7.250282,7.250282,7.250282,7.250282,7.25008,7.25008,7.25008,7.25008,7.25008,7.25008,7.25008,7.25008,7.25008,7.25008,7.25008,7.25008,7.25008,7.25008,7.25008,7.25008,7.25008,7.25008,7.25008,7.25008,7.25008,7.25008,7.25008,7.25008,7.25008,7.25008,7.25008,7.25008,7.25008,7.25008,7.25008,7.25008,7.25008,7.25008,7.25008,7.25008,7.25008,7.25008,7.25008,7.25008,7.25008,7.25008,7.25008,7.25008,7.25008,7.25008,7.25008,7.25008,7.25008,7.25008,7.25001,7.25001,7.25001,7.25001,7.25001,7.25001,7.25001,7.25001,7.25001,7.25001,7.25001,7.25001,7.25001,7.25001,7.25001,7.25001,7.25001,7.25001,7.25001,7.25001,7.25001,7.25001,7.25001,7.25001,7.25001,7.25001,7.25001,7.25001,7.25001,7.25001,7.25001,7.25001,7.25001,7.25001,7.25001,7.25001,7.25001,7.25001,7.25001,7.25001,7.25001,7.25001,7.25001,7.25001,7.25001,7.25001,7.25001,7.25001,7.25001,7.25001,7.25001,7.25001,7.25001,7.25001,7.25001,7.25001,7.25001,7.25001,7.25001,7.25001,7.25001,7.25001,7.25001,7.25001,7.25001,7.25001,7.25001,7.25001,7.25001,7.25001,7.25001,7.25001,7.25001,7.25001,7.25001,7.25001,7.25001,7.25001,7.25001,7.25001,7.25001,7.25001,7.25001,7.25001,7.25001,7.25001,7.25001,7.25001,7.25001,7.25001,7.25001,7.25001,7.25001,7.25001,7.25001,7.25001,7.25001,7.25001,7.25001,7.25001,7.25001,7.25001,7.25001,7.25001,7.25001,7.25001,7.25001,7.25001,7.25001,7.25001,7.25001,7.25001,7.25001,7.25001,7.25001,7.25001,7.25001,7.25001,7.25001,7.25001,7.25001,7.25001,7.25001,7.25001,7.25001,7.25001,7.25001,7.25001,7.25001,7.25001,7.25001,7.25001,7.25001,7.25001,7.25001,7.25001,7.25001,7.25001,7.25001,7.25001,7.25001,7.25001,7.25001,7.25001,7.25001,7.25001,7.25001,7.25001,7.25001,7.25001,7.25001,7.25001,7.25001,7.25001,7.25001,7.25001,7.25001,7.25001,7.25001,7.25001,7.25001,7.25001,7.25001,7.25001,7.25001,7.25001,7.25001,7.25001,7.25001,7.25001,7.25001,7.25001,7.25001,7.25001,7.25001,7.25001,7.25001,7.25001,7.25001,7.25001,7.25001,7.25001,7.25001,7.25001,7.25001,7.25001,7.25001,7.25001,7.25001,7.25001,7.25001,7.25001,7.25001,7.25001,7.25001,7.25001,7.25001,7.25001,7.25001,7.25001,7.25001,7.25001,7.25001,7.25001,7.25001,7.25001,7.25001,7.25001,7.25001,7.25001,7.25001,7.25001,7.25001,7.25001,7.25001,7.25001,7.25001,7.25001,7.25001,7.25001,7.25001,7.25001,7.25001,7.25001,7.25001,7.25001,7.25001,7.25001,7.25001,7.25001,7.25001,7.25001,7.25001,7.25001,7.25001,7.25001,7.25001,7.25001,7.25001,7.25001,7.25001,7.25001,7.25001,7.25001,7.25001,7.25001,7.25001,7.25001,7.25001,7.25001,7.25001,7.25001,7.25001,7.25001,7.25001,7.25001,7.25001,7.25001,7.25001,7.25001,7.25001,7.25001,7.25001,7.25001,7.25001,7.25001,7.25001,7.25001,7.25001,7.25001,7.25001,7.25001,7.25001,7.25001,7.25001,7.25001,7.25001,7.25001,7.25001,7.25001,7.25001,7.25001,7.25001,7.25001,7.25001,7.25001,7.25001,7.25001,7.25001,7.25001,7.25001,7.25001,7.25001,7.25001,7.25001,7.25001,7.25001,7.25001,7.25001,7.25001,7.25001,7.25001,7.25001,7.25001,7.25001,7.25001,7.25001,7.25001,7.25001,7.25001,7.25001,7.25001,7.25001,7.25001,7.25001,7.25001,7.25001,7.25001,7.25001,7.25001,7.25001,7.25001,7.25001,7.25001,7.25001,7.25001,7.25001,7.25001,7.25001,7.25001,7.25001,7.25001,7.25001,7.25001,7.25001,7.25001,7.25001,7.25001,7.25001,7.25001,7.25001,7.25001,7.25001,7.25001,7.25001,7.25001,7.25001,7.25001,7.25001,7.25001,7.25001,7.25001,7.25001,7.25001,7.25001,7.25001,7.25001,7.25001,7.25001,7.25001,7.25001,7.25001,7.25001,7.25001,7.25001,7.25001,7.25001,7.25001,7.25001,7.25001,7.25001,7.25001,7.25001,7.25001,7.25001,7.25001,7.25001,7.25001,7.25001,7.25001,7.25001,7.25001,7.25001,7.25001,7.25001,, ,,,,,,
Experiment for 15 took,224436, Counter,62250777,,,,,,,,,,,,,,,,,,,,,,,,,,,,,,,,,,,,,,,,,,,,,,,,,,,,,,,,,,,,,,,,,,,,,,,,,,,,,,,,,,,,,,,,,,,,,,,,,,,,,,,,,,,,,,,,,,,,,,,,,,,,,,,,,,,,,,,,,,,,,,,,,,,,,,,,,,,,,,,,,,,,,,,,,,,,,,,,,,,,,,,,,,,,,,,,,,,,,,,,,,,,,,,,,,,,,,,,,,,,,,,,,,,,,,,,,,,,,,,,,,,,,,,,,,,,,,,,,,,,,,,,,,,,,,,,,,,,,,,,,,,,,,,,,,,,,,,,,,,,,,,,,,,,,,,,,,,,,,,,,,,,,,,,,,,,,,,,,,,,,,,,,,,,,,,,,,,,,,,,,,,,,,,,,,,,,,,,,,,,,,,,,,,,,,,,,,,,,,,,,,,,,,,,,,,,,,,,,,,,,,,,,,,,,,,,,,,,,,,,,,,,,,,,,,,,,,,,,,,,,,,,,,,,,,,,,,,,,,,,,,,,,,,,,,,,,,,,,,,,,,,
690.445934,690.445934,431.836713,323.231348,317.119237,314.744892,314.618733,313.885617,313.885617,313.885617,313.885617,313.885617,313.885617,313.885617,155.717081,153.507281,152.597822,152.597822,152.597822,152.597822,152.597822,152.597822,152.597822,152.597822,152.597822,152.597822,117.440964,75.033519,46.492078,46.492078,16.283016,15.556066,15.556066,15.556066,15.51764,15.51764,15.51764,15.51764,15.51764,0.000716,0.000716,0.000716,0.000716,0.000716,0.000716,0.000716,0.000477,0.000477,0.000337,0.000337,0.000337,0.000337,0.000045,0.000045,0.000045,0.000045,0.000045,0.000045,0.000045,0.000045,0.000045,0.000045,0.000045,0.000032,0.000028,0.000012,0.000012,0.000012,0.000012,0.000012,0.000012,0.000012,0.000012,0.000012,0.000012,0.000012,0.000012,0.000012,0.000012,0.000012,0.000012,0.000012,0.000012,0.000012,0.000012,0.000012,0.000012,0.000012,0.000012,0.000012,0.000012,0.000012,0.000012,0.000012,0.000012,0.000012,0.000012,0.000012,0.000012,0.000012,0.000012,0.000012,0.000012,0.000012,0.000012,0.000012,0.000012,0.000012,0.000012,0.000012,0.000012,0.000012,0.000012,0.000012,0.000012,0.000012,0.000012,0.000012,0.000012,0.000012,0.000012,0.000012,0.000012,0.000012,0.000012,0.000012,0.000012,0.000012,0.000012,0.000012,0.000012,0.000012,0.000012,0.000012,0.000012,0.000012,0.000012,0.000012,0.000012,0.000012,0.000012,0.000012,0.000012,0.000012,0.000012,0.000012,0.000012,0.000012,0.000012,0.000012,0.000012,0.000012,0.000012,0.000012,0.000012,0.000012,0.000012,0.000012,0.000012,0.000012,0.000012,0.000012,0.000012,0.000012,0.000012,0.000012,0.000012,0.000012,0.000012,0.000012,0.000012,0.000012,0.000012,0.000012,0.000012,0.000012,0.000012,0.000012,0.000012,0.000012,0.000012,0.000012,0.000012,0.000012,0.000012,0.000012,0.000012,0.000012,0.000012,0.000012,0.000012,0.000012,0.000012,0.000012,0.000012,0.000012,0.000012,0.000012,0.000012,0.000012,0.000012,0.000012,0.000012,0.000012,0.000012,0.000012,0.000012,0.000012,0.000012,0.000012,0.000012,0.000012,0.000012,0.000012,0.000012,0.000012,0.000012,0.000012,0.000012,0.000012,0.000012,0.000012,0.000012,0.000012,0.000012,0.000012,0.000012,0.000012,0.000012,0.000012,0.000012,0.000012,0.000012,0.000012,0.000012,0.000012,0.000012,0.000012,0.000012,0.000012,0.000012,0.000012,0.000012,0.000012,0.000012,0.000012,0.000012,0.000012,0.000012,0.000012,0.000012,0.000012,0.000012,0.000012,0.000012,0.000012,0.000012,0.000012,0.000012,0.000012,0.000012,0.000012,0.000012,0.000012,0.000012,0.000012,0.000012,0.000012,0.000012,0.000012,0.000012,0.000012,0.000012,0.000012,0.000012,0.000012,0.000012,0.000012,0.000012,0.000012,0.000012,0.000012,0.000012,0.000012,0.000012,0.000012,0.000012,0.000012,0.000012,0.000012,0.000012,0.000012,0.000012,0.000012,0.000012,0.000012,0.000012,0.000012,0.000012,0.000012,0.000012,0.000012,0.000012,0.000012,0.000012,0.000012,0.000012,0.000012,0.000012,0.000012,0.000012,0.000012,0.000012,0.000012,0.000012,0.000012,0.000012,0.000012,0.000012,0.000012,0.000012,0.000012,0.000012,0.000012,0.000012,0.000012,0.000012,0.000012,0.000012,0.000012,0.000012,0.000012,0.000012,0.000012,0.000012,0.000012,0.000012,0.000012,0.000012,0.000012,0.000012,0.000012,0.000012,0.000012,0.000012,0.000012,0.000012,0.000012,0.000012,0.000012,0.000012,0.000012,0.000012,0.000012,0.000012,0.000012,0.000012,0.000012,0.000012,0.000012,0.000012,0.000012,0.000012,0.000012,0.000012,0.000012,0.000012,0.000012,0.000012,0.000012,0.000012,0.000012,0.000012,0.000012,0.000012,0.000012,0.000012,0.000012,0.000012,0.000012,0.000012,0.000012,0.000012,0.000012,0.000012,0.000012,0.000012,0.000012,0.000012,0.000012,0.000012,0.000012,0.000012,0.000012,0.000012,0.000012,0.000012,0.000012,0.000012,0.000012,0.000012,0.000012,0.000012,0.000012,0.000012,0.000012,0.000012,0.000012,0.000012,0.000012,0.000012,0.000012,0.000012,0.000012,0.000012,0.000012,0.000012,0.000012,0.000012,0.000012,0.000012,0.000012,0.000012,0.000012,0.000012,0.000012,0.000012,0.000012,0.000012,0.000012,0.000012,0.000012,0.000012,0.000012,0.000012,0.000012,0.000012,0.000012,0.000012,0.000012,0.000012,0.000012,0.000012,0.000012,0.000012,0.000012,0.000012,0.000012,0.000012,0.000012,0.000012,0.000012,0.000012,0.000012,0.000012,0.000012,0.000012,0.000012,0.000012,0.000012,0.000012,0.000012,0.000012,0.000012,0.000012,0.000012,0.000012,0.00001,0.00001,0.00001,0.00001,0.00001,0.00001,0.00001,0.00001,0.00001,0.00001,0.00001,0.00001,0.00001,0.00001,0.00001,0.00001,0.00001,0.00001,0.000006,0.000006,0.000006,0.000006,0.000006,0.000006,0.000006,0.000006,0.000006,0.000006,0.000006,0.000006,0.000006,0.000006,, ,,,,,,
Experiment for 16 took,214117, Counter,62250250,,,,,,,,,,,,,,,,,,,,,,,,,,,,,,,,,,,,,,,,,,,,,,,,,,,,,,,,,,,,,,,,,,,,,,,,,,,,,,,,,,,,,,,,,,,,,,,,,,,,,,,,,,,,,,,,,,,,,,,,,,,,,,,,,,,,,,,,,,,,,,,,,,,,,,,,,,,,,,,,,,,,,,,,,,,,,,,,,,,,,,,,,,,,,,,,,,,,,,,,,,,,,,,,,,,,,,,,,,,,,,,,,,,,,,,,,,,,,,,,,,,,,,,,,,,,,,,,,,,,,,,,,,,,,,,,,,,,,,,,,,,,,,,,,,,,,,,,,,,,,,,,,,,,,,,,,,,,,,,,,,,,,,,,,,,,,,,,,,,,,,,,,,,,,,,,,,,,,,,,,,,,,,,,,,,,,,,,,,,,,,,,,,,,,,,,,,,,,,,,,,,,,,,,,,,,,,,,,,,,,,,,,,,,,,,,,,,,,,,,,,,,,,,,,,,,,,,,,,,,,,,,,,,,,,,,,,,,,,,,,,,,,,,,,,,,,,,,,,,,,,,
14205.89764,14205.89764,14205.89764,14205.89764,14205.89764,14205.89764,12753.27694,7718.631251,7718.192818,7718.185589,7718.185589,7718.185589,5244.467933,5244.467933,5244.467933,5244.467933,3288.180099,3117.496243,3117.496243,40.12442,39.998969,39.996493,39.996493,39.996433,39.996433,39.996433,39.996426,39.996426,39.996426,39.996426,39.996425,39.996425,39.996425,39.996425,39.996425,39.996425,39.996425,39.996425,39.996425,39.996425,39.996425,39.996425,39.996425,39.996425,39.996425,39.996425,39.996425,39.996425,39.996425,39.996425,39.996425,39.996425,39.996425,39.996425,39.996425,39.996425,39.996425,39.996425,39.996425,39.996425,39.996425,3.500001,3.500001,3.5,3.5,3.5,3.5,3.5,3.5,3.5,3.5,3.5,3.5,3.5,3.5,3.5,3.5,3.5,3.5,3.5,3.5,3.5,3.5,3.5,3.5,3.5,3.5,3.5,3.5,3.5,3.5,3.5,3.5,3.5,3.5,3.5,3.5,3.5,3.5,3.5,3.5,3.5,3.5,3.5,3.5,3.5,3.5,3.5,3.5,3.5,3.5,3.5,3.5,3.5,3.5,3.5,3.5,3.5,3.5,3.5,3.5,3.5,3.5,3.5,3.5,3.5,3.5,3.5,3.5,3.5,3.5,3.5,3.5,3.5,3.5,3.5,3.5,3.5,3.5,3.5,3.5,3.5,3.5,3.5,3.5,3.5,3.5,3.5,3.5,3.5,3.5,3.5,3.5,3.5,3.5,3.5,3.5,3.5,3.5,3.5,3.5,3.5,3.5,3.5,3.5,3.5,3.5,3.5,3.5,3.5,3.5,3.5,3.5,3.5,3.5,3.5,3.5,3.5,3.5,3.5,3.5,3.5,3.5,3.5,3.5,3.5,3.5,3.5,3.5,3.5,3.5,3.5,3.5,3.5,3.5,3.5,3.5,3.5,3.5,3.5,3.5,3.5,3.5,3.5,3.5,3.5,3.5,3.5,3.5,3.5,3.5,3.5,3.5,3.5,3.5,3.5,3.5,3.5,3.5,3.5,3.5,3.5,3.5,3.5,3.5,3.5,3.5,3.5,3.5,3.5,3.5,3.5,3.5,3.5,3.5,3.5,3.5,3.5,3.5,3.5,3.5,3.5,3.5,3.5,3.5,3.5,3.5,3.5,3.5,3.5,3.5,3.5,3.5,3.5,3.5,3.5,3.5,3.5,3.5,3.5,3.5,3.5,3.5,3.5,3.5,3.5,3.5,3.5,3.5,3.5,3.5,3.5,3.5,3.5,3.5,3.5,3.5,3.5,3.5,3.5,3.5,3.5,3.5,3.5,3.5,3.5,3.5,3.5,3.5,3.5,3.5,3.5,3.5,3.5,3.5,3.5,3.5,3.5,3.5,3.5,3.5,3.5,3.5,3.5,3.5,3.5,3.5,3.5,3.5,3.5,3.5,3.5,3.5,3.5,3.5,3.5,3.5,3.5,3.5,3.5,3.5,3.5,3.5,3.5,3.5,3.5,3.5,3.5,3.5,3.5,3.5,3.5,3.5,3.5,3.5,3.5,3.5,3.5,3.5,3.5,3.5,3.5,3.5,3.5,3.5,3.5,3.5,3.5,3.5,3.5,3.5,3.5,3.5,3.5,3.5,3.5,3.5,3.5,3.5,3.5,3.5,3.5,3.5,3.5,3.5,3.5,3.5,3.5,3.5,3.5,3.5,3.5,3.5,3.5,3.5,3.5,3.5,3.5,3.5,3.5,3.5,3.5,3.5,3.5,3.5,3.5,3.5,3.5,3.5,3.5,3.5,3.5,3.5,3.5,3.5,3.5,3.5,3.5,3.5,3.5,3.5,3.5,3.5,3.5,3.5,3.5,3.5,3.5,3.5,3.5,3.5,3.5,3.5,3.5,3.5,3.5,3.5,3.5,3.5,3.5,3.5,3.5,3.5,3.5,3.5,3.5,3.5,3.5,3.5,3.5,3.5,3.5,3.5,3.5,3.5,3.5,3.5,3.5,3.5,3.5,3.5,3.5,3.5,3.5,3.5,3.5,3.5,3.5,3.5,3.5,3.5,3.5,3.5,3.5,3.5,3.5,3.5,3.5,3.5,3.5,3.5,3.5,3.5,3.5,3.5,3.5,3.5,3.5,3.5,3.5,3.5,3.5,3.5,3.5,3.5,3.5,3.5,3.5,3.5,3.5,3.5,3.5,3.5,3.5,3.5,3.5,3.5,3.5,3.5,3.5,3.5,3.5,3.5,3.5,3.5,3.5,3.5,3.5,3.5,, ,,,,,,
Experiment for 17 took,721249, Counter,46217134,,,,,,,,,,,,,,,,,,,,,,,,,,,,,,,,,,,,,,,,,,,,,,,,,,,,,,,,,,,,,,,,,,,,,,,,,,,,,,,,,,,,,,,,,,,,,,,,,,,,,,,,,,,,,,,,,,,,,,,,,,,,,,,,,,,,,,,,,,,,,,,,,,,,,,,,,,,,,,,,,,,,,,,,,,,,,,,,,,,,,,,,,,,,,,,,,,,,,,,,,,,,,,,,,,,,,,,,,,,,,,,,,,,,,,,,,,,,,,,,,,,,,,,,,,,,,,,,,,,,,,,,,,,,,,,,,,,,,,,,,,,,,,,,,,,,,,,,,,,,,,,,,,,,,,,,,,,,,,,,,,,,,,,,,,,,,,,,,,,,,,,,,,,,,,,,,,,,,,,,,,,,,,,,,,,,,,,,,,,,,,,,,,,,,,,,,,,,,,,,,,,,,,,,,,,,,,,,,,,,,,,,,,,,,,,,,,,,,,,,,,,,,,,,,,,,,,,,,,,,,,,,,,,,,,,,,,,,,,,,,,,,,,,,,,,,,,,,,,,,,,,
